STL%,,BPM,PER,Tm,WS,ORB%,OBPM,Rk,DBPM,BLK%,3PAr,OWS,DWS,G,Age,VORP,TOV%,AST%,FTr,WS/48,USG%,DRB%,TS%,Pos,Player,MP,TRB%
1.7,,-2.5,10.1,OKC,2.1,1.9,-0.3,1,-2.2,0.6,.724,1.2,0.9,68,23,-0.1,8.3,5.5,.144,.095,15.9,7.1,.560,SG,Alex Abrines,1055,4.5
1.2,,-3.0,11.8,TOT,0.9,3.9,-1.8,2,-1.2,2.0,.529,0.5,0.5,38,26,-0.1,9.7,4.9,.353,.082,16.8,18.0,.565,PF,Quincy Acy,558,11.0
1.8,,0.5,16.5,OKC,6.4,13.0,-0.7,3,1.2,2.6,.002,3.3,3.1,80,23,1.5,16.0,5.4,.392,.130,16.2,15.5,.589,C,Steven Adams,2389,14.2
0.7,,-3.5,9.0,SAC,1.4,0.7,-1.4,4,-2.0,0.4,.360,1.2,0.2,61,31,-0.6,8.4,7.4,.221,.043,14.4,8.4,.559,SG,Arron Afflalo,1580,4.6
1.7,,-4.1,12.9,NOP,1.0,8.3,-5.1,5,1.0,3.1,.022,0.0,0.9,39,28,-0.3,13.7,3.1,.225,.080,17.2,23.8,.529,C,Alexis Ajinca,584,16.0
2.4,,0.6,12.7,MIN,1.3,11.0,-2.0,6,2.6,3.7,.000,0.6,0.7,62,28,0.4,15.1,6.4,.256,.116,9.4,23.9,.549,C,Cole Aldrich,531,17.4
1.0,,1.1,18.6,SAS,7.3,8.6,-0.3,7,1.4,3.1,.053,3.5,3.7,72,31,1.8,7.7,9.9,.258,.149,24.5,16.6,.532,PF,LaMarcus Aldridge,2335,12.7
1.0,,-0.3,11.6,IND,1.7,13.7,-1.5,8,1.3,2.4,.006,0.9,0.8,61,27,0.4,13.7,9.1,.196,.093,10.9,14.6,.485,PF,Lavoy Allen,871,14.2
3.1,,0.7,13.3,MEM,3.1,9.6,-1.8,9,2.4,1.4,.091,0.2,2.9,71,35,1.3,13.3,8.4,.218,.077,17.9,13.8,.493,SG,Tony Allen,1914,11.7
1.7,,-1.1,11.3,POR,1.9,4.8,-2.3,10,1.2,2.0,.455,-0.1,2.0,61,26,0.4,15.2,7.9,.292,.051,15.4,23.5,.506,SF,Al-Farouq Aminu,1773,14.1
2.2,,-0.9,11.6,CLE,0.2,9.0,-3.8,11,3.0,5.0,.136,0.1,0.2,12,38,0.0,15.1,5.9,.636,.102,13.0,20.6,.497,C,Chris Andersen,114,15.0
0.5,,-4.9,5.0,LAC,0.1,1.1,-2.6,12,-2.3,0.0,.550,0.0,0.1,30,34,-0.2,7.4,4.9,.200,.020,13.7,7.4,.494,SF,Alan Anderson,308,4.4
1.7,,-1.6,13.9,TOT,1.9,6.2,-1.2,13,-0.3,1.6,.442,0.6,1.3,75,23,0.1,11.7,8.8,.294,.074,20.9,16.9,.537,SF,Justin Anderson,1228,11.3
2.5,,1.6,12.5,SAS,2.7,3.7,-2.1,14,3.7,2.1,.191,0.7,2.0,72,23,0.9,14.3,12.4,.273,.127,12.1,19.0,.525,SG,Kyle Anderson,1020,11.5
0.7,,-0.8,13.5,HOU,5.2,5.8,1.8,15,-2.6,0.5,.655,4.0,1.1,72,28,0.6,6.2,4.7,.194,.118,17.9,11.2,.583,PF,Ryan Anderson,2116,8.5
2.3,,7.6,26.1,MIL,12.4,5.9,4.1,16,3.5,4.7,.143,7.9,4.5,80,22,6.9,13.3,26.6,.486,.210,28.3,22.6,.599,SF,Giannis Antetokounmpo,2845,14.3
1.2,,-0.7,17.9,NYK,4.7,2.6,1.5,17,-2.2,1.1,.303,3.2,1.5,74,32,0.8,9.0,14.5,.263,.089,29.1,15.9,.535,SF,Carmelo Anthony,2538,9.3
0.8,,-0.6,11.6,SAS,0.4,7.6,-3.1,18,2.5,4.0,.000,0.1,0.2,19,34,0.0,17.0,3.4,.500,.141,8.7,20.9,.640,C,Joel Anthony,122,14.4
2.5,,1.7,12.3,HOU,6.0,2.1,0.7,19,1.0,0.6,.695,2.8,3.2,80,31,2.6,8.0,8.8,.158,.104,14.1,15.9,.548,SF,Trevor Ariza,2773,9.0
1.5,,-0.3,12.8,DEN,1.1,4.4,0.3,20,-0.6,2.5,.544,0.6,0.4,41,28,0.3,13.8,9.3,.102,.081,17.3,14.9,.583,PF,Darrell Arthur,639,9.7
0.5,,-3.1,9.8,NOP,1.0,10.4,-4.3,21,1.2,1.7,.000,0.4,0.6,31,30,-0.1,14.6,4.2,.600,.100,8.8,25.3,.517,C,Omer Asik,482,17.8
1.0,,-4.2,11.0,ORL,1.2,1.0,-0.9,22,-3.3,0.1,.530,0.7,0.5,78,29,-0.9,13.3,20.4,.311,.038,19.4,7.4,.524,PG,D.J. Augustin,1538,4.1
1.0,,-1.8,8.4,MIA,1.8,1.3,-1.0,23,-0.8,0.8,.747,0.8,1.0,68,27,0.1,8.0,4.8,.053,.082,13.0,13.5,.563,SF,Luke Babbitt,1065,7.4
2.0,,-4.4,7.5,NYK,-0.1,1.5,-3.5,24,-0.9,0.8,.396,-0.6,0.5,52,23,-0.5,19.2,17.3,.198,-0.008,14.8,10.8,.456,SG,Ron Baker,857,6.2
2.3,,-5.8,6.4,MEM,-0.4,3.0,-6.3,25,0.6,1.7,.191,-0.9,0.5,33,20,-0.4,23.4,22.8,.322,-0.045,19.2,10.2,.404,PG,Wade Baldwin,405,6.5
1.5,,-4.1,11.5,PHO,0.6,1.6,-2.0,26,-2.1,0.7,.250,0.3,0.4,67,34,-0.5,10.4,13.0,.115,.031,20.0,10.3,.509,SG,Leandro Barbosa,963,5.9
0.9,,-0.6,17.2,DAL,1.3,1.3,2.0,27,-2.6,0.1,.431,0.8,0.5,35,32,0.3,14.7,44.2,.149,.080,26.2,11.9,.521,PG,J.J. Barea,771,6.3
1.2,,-1.9,16.3,DAL,4.6,3.7,-0.7,28,-1.2,0.5,.173,2.5,2.1,79,24,0.1,6.8,7.8,.220,.079,25.3,13.2,.541,PF,Harrison Barnes,2803,8.2
1.3,,-0.6,10.3,TOT,2.0,4.6,-1.2,29,0.6,1.3,.556,0.3,1.7,74,36,0.6,17.3,15.6,.188,.053,15.6,19.9,.514,SF,Matt Barnes,1777,12.4
1.4,,0.3,15.5,DEN,3.3,3.8,1.3,30,-1.0,1.3,.353,2.5,0.8,60,26,1.0,11.5,17.7,.285,.093,21.1,12.8,.547,SG,Will Barton,1705,8.4
1.2,,-0.7,19.7,LAC,2.2,8.6,0.1,31,-0.8,1.6,.016,1.6,0.6,52,31,0.2,11.4,5.7,.473,.186,19.7,16.2,.650,PF,Brandon Bass,577,12.5
1.6,,1.2,15.8,CHO,4.5,1.9,0.6,32,0.6,1.0,.415,1.7,2.8,77,28,2.1,15.0,27.6,.291,.083,22.3,18.4,.529,SG,Nicolas Batum,2617,10.1
0.0,,-8.2,8.7,PHI,-0.1,4.6,-5.2,33,-2.9,0.0,.156,-0.1,0.0,3,28,-0.1,19.8,29.4,.313,-0.067,27.7,14.0,.453,PG,Jerryd Bayless,71,9.3
0.7,,-1.8,13.1,DET,3.0,10.0,-2.9,34,1.1,2.8,.000,1.4,1.5,75,30,0.1,13.5,3.9,.337,.123,14.1,21.6,.570,C,Aron Baynes,1163,15.6
2.3,,-0.8,11.5,ATL,2.1,2.6,-2.0,35,1.2,2.3,.369,-0.6,2.8,73,27,0.6,13.6,14.2,.233,.053,20.5,10.3,.504,SF,Kent Bazemore,1963,6.5
1.5,,2.2,20.1,WAS,8.5,2.2,4.5,36,-2.4,0.7,.418,6.8,1.6,77,23,2.8,9.6,16.2,.259,.151,26.5,7.8,.604,SG,Bradley Beal,2684,5.0
2.1,,-3.9,13.7,DEN,0.2,3.4,-0.5,37,-3.5,0.0,.384,0.1,0.1,22,20,-0.1,9.4,10.2,.137,.057,22.0,8.0,.536,SG,Malik Beasley,165,5.7
1.5,,-2.9,17.8,MIL,1.8,5.0,-1.7,38,-1.1,2.5,.106,0.8,1.0,56,28,-0.2,12.7,9.9,.259,.093,25.3,18.9,.584,PF,Michael Beasley,935,12.0
1.2,,-1.9,13.3,CHO,3.2,0.9,0.1,39,-2.0,0.4,.460,2.0,1.2,74,30,0.1,9.2,13.1,.273,.088,19.2,10.2,.566,SG,Marco Belinelli,1778,5.5
1.1,,-4.3,8.8,ATL,0.3,4.2,-4.4,40,0.1,1.2,.184,-0.1,0.4,38,22,-0.2,13.2,11.5,.163,.038,14.2,13.1,.481,SF,DeAndre,371,8.7
0.8,,-4.3,5.3,PHO,-0.3,4.2,-4.0,41,-0.3,3.1,.627,-0.7,0.3,43,19,-0.3,16.2,5.5,.068,-0.029,14.4,15.6,.440,PF,Dragan Bender,574,9.7
0.9,,-3.0,14.7,BRK,0.5,10.1,-0.8,42,-2.2,0.9,.522,0.3,0.2,23,23,-0.1,10.0,7.1,.391,.090,19.4,21.0,.533,PF,Anthony Bennett,264,15.6
0.0,,-26.9,-17.6,DAL,-0.1,0.0,-22.4,43,-4.5,0.0,.333,-0.1,0.0,3,21,-0.1,25.0,0.0,.000,-0.473,18.9,24.4,.000,PF,Ben Bentil,10,11.6
1.3,,1.7,12.9,SAS,2.3,3.2,1.2,44,0.5,2.8,.739,1.1,1.2,67,24,0.8,11.4,8.3,.145,.135,15.7,10.6,.609,PF,Davis Bertans,808,6.9
2.3,,2.3,13.0,HOU,5.3,5.0,0.8,45,1.5,1.0,.530,2.9,2.4,67,28,2.2,14.6,18.8,.175,.124,14.1,15.9,.546,SG,Patrick Beverley,2058,10.4
0.7,,-2.2,12.2,ORL,2.9,9.3,-4.2,46,2.0,4.1,.000,0.8,2.1,81,24,-0.1,17.7,6.0,.690,.077,13.2,25.6,.546,C,Bismack Biyombo,1793,17.2
1.7,,-1.1,11.0,MIN,1.5,5.5,-0.7,47,-0.4,1.4,.497,0.6,0.9,65,28,0.3,13.4,9.6,.171,.059,16.4,18.6,.526,PF,Nemanja Bjelica,1190,12.0
1.3,,-1.6,15.0,LAL,2.4,13.8,-1.8,48,0.2,3.3,.007,1.5,0.9,67,25,0.1,14.5,5.3,.371,.105,15.7,20.7,.560,C,Tarik Black,1091,17.1
2.0,,3.3,20.6,PHO,5.4,2.5,3.7,49,-0.4,1.2,.300,4.0,1.4,66,27,2.9,15.3,31.1,.443,.119,28.1,13.8,.563,PG,Eric Bledsoe,2176,8.0
0.8,,-2.8,13.5,TOT,2.9,1.9,-0.1,50,-2.8,0.3,.464,2.0,0.9,81,27,-0.4,12.0,8.7,.288,.067,22.4,12.3,.585,SF,Bojan Bogdanovic,2083,7.2
1.2,,-0.3,9.3,TOT,0.7,10.6,-5.6,51,5.3,3.9,.012,-0.3,1.0,27,32,0.3,33.4,12.3,.136,.055,10.4,33.9,.460,C,Andrew Bogut,583,21.7
1.0,,-0.8,19.7,UTA,0.2,9.0,-1.3,52,0.5,3.1,.250,0.1,0.1,12,23,0.0,9.7,6.3,.375,.171,18.2,27.6,.590,PF,Joel Bolomboy,53,18.5
1.3,,-2.3,14.6,PHO,2.0,1.8,0.4,53,-2.7,0.6,.283,1.4,0.6,78,20,-0.2,12.9,16.3,.308,.035,28.6,8.3,.531,SG,Devin Booker,2730,5.0
2.1,,0.2,15.7,BRK,3.1,8.7,-1.6,54,1.8,1.2,.132,0.9,2.2,71,29,1.0,16.6,12.9,.186,.086,18.7,25.5,.554,PF,Trevor Booker,1754,17.2
1.8,,-0.5,14.4,BOS,3.1,4.0,-0.2,55,-0.4,0.5,.357,1.1,2.0,55,26,0.7,9.7,10.9,.120,.080,21.9,16.2,.548,SG,Avery Bradley,1835,10.1
2.3,,-2.7,9.1,TOT,1.2,2.7,-2.9,56,0.2,1.2,.339,0.0,1.2,82,30,-0.2,12.7,10.7,.195,.045,14.3,11.5,.491,SF,Corey Brewer,1281,7.1
2.2,,-0.5,14.9,MIL,4.1,2.8,0.6,57,-1.1,0.5,.304,2.6,1.5,75,24,0.8,14.1,24.3,.198,.100,18.5,9.6,.555,SG,Malcolm Brogdon,1982,6.3
1.4,,-4.6,9.5,IND,0.3,2.3,-2.1,58,-2.6,0.9,.427,-0.2,0.5,65,32,-0.6,17.2,20.7,.133,.016,19.2,6.3,.507,PG,Aaron Brooks,894,4.3
1.5,,-4.0,7.2,TOT,0.0,5.3,-3.8,59,-0.2,0.5,.540,-0.2,0.2,11,24,-0.1,10.7,7.6,.000,.001,15.6,16.9,.430,SF,Anthony Brown,159,11.0
0.4,,-7.6,10.8,HOU,0.1,0.0,-1.5,60,-6.1,0.0,.583,0.1,0.0,25,32,-0.2,7.6,17.6,.033,.040,22.7,5.3,.509,PG,Bobby Brown,123,2.7
1.3,,-4.0,10.3,BOS,1.5,3.8,-3.1,61,-0.9,1.1,.319,0.2,1.3,78,20,-0.7,12.5,7.2,.293,.053,18.1,14.4,.539,SF,Jaylen Brown,1341,9.1
1.7,,-1.0,10.7,DAL,0.6,5.5,-1.7,62,0.7,1.4,.674,0.0,0.6,54,23,0.1,14.7,13.9,.156,.055,16.0,16.2,.498,SF,Nicolas Brussino,521,10.6
1.9,,0.1,11.7,DET,1.0,2.9,-0.4,63,0.5,0.5,.570,0.4,0.5,31,25,0.2,7.1,8.8,.055,.101,13.4,12.4,.538,SF,Reggie Bullock,467,7.5
0.8,,-5.7,10.8,WAS,0.5,1.1,-2.3,64,-3.4,0.6,.275,0.3,0.3,57,24,-0.7,15.2,20.7,.114,.036,19.6,6.4,.532,PG,Trey Burke,703,3.8
1.4,,-4.2,11.6,UTA,0.8,3.1,-3.3,65,-0.9,0.6,.306,-0.1,0.9,42,25,-0.4,11.0,7.5,.315,.056,22.7,17.7,.501,SG,Alec Burks,653,10.6
2.6,,6.9,25.1,CHI,13.8,4.9,5.8,66,1.1,0.9,.198,10.1,3.8,76,27,6.3,9.3,24.8,.540,.236,26.5,13.2,.586,SF,Jimmy Butler,2809,9.0
2.5,,0.8,14.6,TOR,0.1,14.2,0.1,67,0.7,2.2,.375,0.0,0.1,9,21,0.0,11.1,15.1,.000,.083,20.1,14.1,.438,SF,Bruno Caboclo,40,14.1
1.0,,-4.7,8.9,TOT,0.3,3.0,-2.9,68,-1.8,0.2,.478,0.0,0.3,41,35,-0.4,22.7,23.3,.090,.023,14.4,12.2,.506,PG,Jose Calderon,539,7.5
1.8,,0.9,12.8,DET,4.5,2.3,0.9,69,0.0,0.4,.471,2.0,2.5,76,23,1.9,7.9,11.2,.199,.086,19.2,8.7,.519,SG,Kentavious Caldwell-Pope,2529,5.3
1.9,,-3.4,8.1,CHI,0.5,1.1,-2.2,70,-1.2,0.1,.543,0.0,0.5,39,25,-0.2,9.6,9.0,.191,.044,15.3,7.9,.483,SG,Isaiah Canaan,592,4.5
1.1,,1.0,21.4,HOU,6.0,12.5,0.0,71,1.0,4.2,.000,3.9,2.1,65,22,1.2,12.0,6.9,.314,.185,19.9,24.5,.638,C,Clint Capela,1551,18.5
2.2,,1.0,11.9,TOR,3.8,3.8,0.6,72,0.4,1.2,.583,1.7,2.1,72,30,1.4,8.3,5.7,.213,.097,15.5,12.7,.531,SF,DeMarre Carroll,1882,8.3
1.7,,1.0,11.7,MEM,4.0,2.2,0.1,73,0.9,1.9,.604,1.9,2.1,73,40,1.4,8.5,11.5,.235,.106,14.9,12.5,.542,SF,Vince Carter,1799,7.2
2.3,,-2.4,9.9,CHI,0.2,3.0,-4.1,74,1.7,2.2,.209,-1.0,1.3,45,25,-0.1,16.3,20.0,.252,.013,20.9,16.4,.437,PG,Michael Carter-Williams,846,9.7
1.8,,-3.0,9.9,TOT,0.5,4.9,-2.5,75,-0.6,0.4,.261,0.1,0.4,36,28,-0.2,14.0,8.6,.176,.037,14.5,15.2,.523,SF,Omri Casspi,643,10.1
1.9,,-1.1,16.4,SAC,3.0,7.0,-2.0,76,0.9,2.9,.004,1.4,1.5,75,23,0.3,11.2,9.4,.314,.100,19.6,20.5,.558,C,Willie Cauley-Stein,1421,13.8
1.2,,-0.4,16.6,PHO,4.0,12.6,-0.7,77,0.3,1.5,.000,2.7,1.3,47,34,0.5,19.2,3.3,.544,.149,11.3,33.1,.703,C,Tyson Chandler,1298,22.6
1.2,,-0.8,14.9,DEN,3.6,5.2,0.5,78,-1.3,1.1,.347,2.4,1.1,71,29,0.7,10.0,9.8,.207,.078,22.0,17.7,.545,SF,Wilson Chandler,2197,11.5
1.8,,-1.6,12.3,PHO,1.8,5.8,-1.6,79,0.0,3.2,.354,0.3,1.5,82,19,0.2,13.2,5.2,.286,.050,19.7,16.1,.529,PF,Marquese Chriss,1743,10.8
0.7,,-4.3,10.4,IND,0.5,13.5,-3.0,80,-1.2,2.4,.000,0.3,0.2,29,25,-0.1,12.5,2.5,.674,.099,13.1,15.2,.529,PF,Rakeem Christmas,219,14.4
1.4,,-6.3,5.7,OKC,0.1,2.2,-5.0,81,-1.3,0.5,.283,-0.7,0.8,64,24,-1.1,15.4,18.1,.139,.006,12.2,7.9,.387,PG,Semaj Christon,973,5.0
1.7,,-2.0,13.1,GSW,2.3,2.3,-0.6,82,-1.4,0.6,.376,1.0,1.3,77,25,0.0,10.7,11.2,.134,.099,19.5,9.1,.575,SG,Ian Clark,1137,5.9
1.8,,-2.7,13.1,LAL,1.2,2.2,-0.5,83,-2.3,0.3,.332,0.5,0.7,82,24,-0.4,12.5,14.4,.157,.024,23.3,9.3,.526,SG,Jordan Clarkson,2397,5.6
3.1,,-8.2,5.4,OKC,-0.1,0.0,-6.5,84,-1.7,0.0,.250,-0.2,0.2,13,28,-0.2,11.0,16.3,.192,-0.033,21.5,9.8,.381,PG,Norris Cole,125,4.9
1.6,,-1.5,15.3,SAC,3.9,1.3,0.8,85,-2.3,0.4,.245,3.1,0.8,68,29,0.3,12.6,24.5,.239,.091,19.8,7.2,.570,PG,Darren Collison,2063,4.3
0.8,,-1.8,12.8,OKC,0.4,7.8,-1.7,86,-0.1,1.2,.043,0.3,0.1,20,36,0.0,13.1,13.2,.348,.144,10.1,18.2,.622,PF,Nick Collison,128,13.0
2.1,,5.8,23.2,MEM,10.0,1.5,6.5,87,-0.7,0.8,.415,7.5,2.5,69,29,4.5,11.8,34.5,.365,.209,26.3,10.8,.604,PG,Mike Conley,2292,6.0
0.9,,-2.5,11.8,POR,0.6,3.5,-0.9,88,-1.6,0.5,.458,0.4,0.2,39,24,0.0,18.3,12.7,.125,.090,13.0,14.8,.645,SG,Pat Connaughton,316,9.1
1.1,,-5.9,11.8,TOT,0.2,0.6,-1.7,89,-4.2,0.0,.394,0.1,0.1,14,23,-0.2,16.0,22.8,.076,.046,19.6,3.6,.579,PG,Quinn Cook,188,2.0
2.0,,6.6,25.7,TOT,7.6,7.1,3.9,90,2.6,3.3,.254,3.8,3.8,72,26,5.3,13.5,25.8,.468,.149,36.5,29.2,.562,C,DeMarcus Cousins,2465,18.2
2.9,,1.4,13.2,PHI,3.1,4.8,-0.7,91,2.0,2.6,.563,0.0,3.2,67,26,1.8,13.9,7.5,.238,.071,19.2,17.9,.534,SF,Robert Covington,2119,11.3
1.2,,-1.1,11.6,POR,4.1,0.9,0.3,92,-1.4,0.7,.467,3.1,1.0,79,24,0.5,8.1,6.1,.192,.088,14.9,10.2,.602,SG,Allen Crabbe,2254,5.5
1.4,,-3.0,12.0,LAC,1.9,0.9,-1.0,93,-2.1,0.5,.371,0.5,1.4,82,36,-0.6,12.3,15.1,.234,.042,22.7,5.7,.526,SG,Jamal Crawford,2157,3.3
1.2,,-0.4,17.6,NOP,0.9,0.9,2.6,94,-3.0,0.4,.436,0.6,0.3,19,28,0.2,9.8,22.7,.119,.102,25.5,7.2,.582,SG,Jordan Crawford,442,4.1
1.5,,1.5,14.9,BOS,6.7,2.3,1.4,95,0.1,0.8,.547,4.2,2.5,72,26,2.1,8.8,10.1,.301,.137,17.0,17.3,.613,SF,Jae Crowder,2335,9.9
1.2,,-0.5,10.2,NOP,3.0,3.6,-1.3,96,0.8,1.4,.504,1.4,1.6,66,29,0.6,7.0,3.2,.075,.088,10.7,14.2,.586,SF,Dante Cunningham,1649,8.9
2.0,,1.4,15.5,DAL,4.6,1.4,1.8,97,-0.4,0.3,.458,2.9,1.7,70,26,1.7,11.0,15.9,.142,.109,19.5,9.2,.601,PG,Seth Curry,2029,5.1
2.6,,7.3,24.6,GSW,12.6,2.7,7.7,98,-0.4,0.5,.547,8.6,3.9,79,28,6.2,13.0,31.1,.251,.229,30.1,11.4,.624,PG,Stephen Curry,2638,7.3
0.9,,-3.1,10.4,MEM,1.3,2.0,0.3,99,-3.4,0.3,.717,0.5,0.8,67,25,-0.3,8.0,6.6,.109,.051,21.7,7.9,.531,SG,Troy Daniels,1183,4.8
1.7,,3.7,27.5,NOP,11.0,6.7,1.4,100,2.3,5.1,.088,5.9,5.1,75,23,3.9,9.1,11.1,.424,.196,32.6,27.9,.580,C,Anthony Davis,2708,17.3
0.7,,-3.6,10.6,MEM,0.5,9.3,-5.4,101,1.8,6.8,.000,0.1,0.4,36,20,-0.1,12.7,1.3,.383,.097,12.0,19.8,.528,C,Deyonta Davis,238,14.4
0.9,,-2.0,11.5,POR,1.7,13.4,-2.2,102,0.2,2.2,.000,1.0,0.7,46,27,0.0,17.2,4.8,.570,.104,12.0,20.7,.563,PF,Ed Davis,789,17.1
1.4,,1.7,16.0,SAS,5.2,11.2,-1.5,103,3.2,3.7,.000,2.2,3.0,76,27,1.2,16.9,4.8,.359,.188,12.3,30.5,.645,C,Dewayne Dedmon,1330,21.1
1.3,,-1.1,13.0,HOU,3.1,7.2,-0.4,104,-0.6,1.2,.436,1.9,1.2,77,22,0.3,8.2,7.7,.159,.105,14.9,14.6,.549,SF,Sam Dekker,1419,10.9
1.5,,-5.8,7.5,ATL,0.1,1.0,-4.6,105,-1.2,0.1,.284,-1.1,1.3,73,27,-1.2,18.1,23.1,.240,.005,18.3,9.8,.456,PG,Malcolm Delaney,1248,5.5
1.4,,-4.7,9.4,MIL,1.2,1.4,-1.9,106,-2.8,0.0,.403,0.3,0.9,76,26,-1.4,18.8,25.7,.180,.029,16.3,7.1,.501,PG,Matthew Dellavedova,1986,4.3
1.6,,-2.5,10.1,LAL,0.9,4.5,-2.3,107,-0.2,1.1,.389,0.1,0.8,56,31,-0.2,8.7,7.0,.149,.029,14.2,17.7,.470,SF,Luol Deng,1486,10.8
1.5,,0.9,24.0,TOR,9.0,3.0,2.4,108,-1.5,0.4,.080,6.7,2.4,74,27,1.9,9.0,20.6,.419,.166,34.3,13.6,.552,SG,DeMar DeRozan,2620,8.3
1.0,,-5.6,16.8,NOP,0.5,12.1,-4.6,109,-1.0,2.9,.000,0.2,0.3,17,20,-0.2,7.6,3.2,.276,.111,20.5,26.7,.510,PF,Cheick Diallo,199,19.3
0.7,,-2.9,9.0,UTA,1.1,4.3,-2.7,110,-0.2,0.6,.248,-0.1,1.2,73,34,-0.3,20.3,20.3,.107,.041,15.6,9.8,.494,PF,Boris Diaw,1283,7.1
1.7,,1.7,14.2,MIN,5.7,8.1,-0.5,111,2.2,3.1,.065,3.2,2.5,82,27,2.5,12.7,8.6,.253,.103,14.0,20.5,.555,PF,Gorgui Dieng,2653,14.2
1.6,,-0.9,12.7,BRK,2.8,2.2,-0.7,112,-0.2,1.3,.334,1.9,0.9,59,23,0.4,15.1,20.3,.526,.101,14.1,10.7,.581,PG,Spencer Dinwiddie,1334,6.5
2.4,,-1.2,10.6,MEM,0.5,3.7,-2.2,113,1.0,1.2,.359,0.0,0.5,24,30,0.1,13.9,22.2,.248,.059,17.4,14.3,.451,PG,Toney Douglas,394,8.9
1.8,,2.7,19.7,MIA,7.5,2.7,3.4,114,-0.7,0.4,.257,5.0,2.6,73,30,2.9,14.1,29.0,.335,.147,27.1,9.9,.575,PG,Goran Dragic,2459,6.3
2.6,,0.8,20.9,DET,6.7,15.1,-2.1,115,2.9,3.1,.008,1.4,5.3,81,23,1.7,12.5,5.9,.390,.133,22.4,36.3,.518,C,Andre Drummond,2409,25.3
1.5,,-0.2,10.6,PHO,1.8,2.4,-0.1,116,-0.1,0.9,.587,1.1,0.7,64,31,0.6,16.1,12.5,.188,.065,13.7,15.9,.579,PF,Jared Dudley,1362,9.0
0.9,,-2.2,10.1,TOT,1.5,2.4,-1.0,117,-1.2,0.7,.609,0.8,0.7,53,36,0.0,10.5,8.6,.205,.086,14.0,12.4,.573,SF,Mike Dunleavy,841,7.5
3.0,,-2.2,8.1,MIN,0.1,2.1,-3.7,118,1.5,2.3,.233,-1.2,1.3,78,22,-0.1,20.8,19.4,.188,.004,14.2,12.6,.432,PG,Kris Dunn,1333,7.3
1.5,,8.0,27.6,GSW,12.0,2.2,5.4,119,2.6,3.8,.304,8.0,4.0,62,28,5.2,10.4,23.1,.374,.277,27.8,23.6,.651,SF,Kevin Durant,2070,13.6
0.8,,-7.3,9.7,PHO,0.1,1.7,-1.5,120,-5.9,0.0,.842,0.1,0.0,5,25,-0.1,4.2,0.0,.474,.054,16.2,10.8,.523,SF,Jarell Eddie,62,6.1
0.3,,-8.2,7.5,DET,-0.2,5.8,-5.8,121,-2.4,0.6,.547,-0.4,0.2,19,20,-0.2,17.2,7.2,.125,-0.071,24.7,25.6,.444,PF,Henry Ellenson,146,15.3
1.2,,-0.2,12.6,MIA,3.3,1.3,1.8,122,-1.9,0.2,.710,2.1,1.2,62,29,0.7,5.0,7.1,.077,.105,17.9,8.6,.565,SG,Wayne Ellington,1500,4.9
2.0,,-2.3,10.0,IND,1.1,1.1,-2.5,123,0.2,1.2,.242,-0.7,1.7,74,31,-0.2,18.0,17.2,.230,.026,16.8,10.3,.514,SG,Monta Ellis,1998,5.7
1.7,,3.2,24.1,PHI,1.9,8.5,0.0,124,3.2,7.7,.228,0.5,1.5,31,22,1.0,17.9,16.0,.569,.117,36.0,25.6,.584,C,Joel Embiid,786,17.0
1.6,,0.0,10.6,MEM,3.2,5.1,-1.0,125,1.0,1.2,.427,1.4,1.7,64,26,0.8,13.8,6.5,.343,.101,13.0,14.9,.581,SF,James Ennis,1501,9.9
2.1,,-4.7,11.0,TOT,0.4,1.8,-2.1,126,-2.7,0.3,.337,0.1,0.3,53,22,-0.4,17.0,21.7,.120,.033,19.1,6.8,.521,PG,Tyler Ennis,588,4.3
2.2,,-0.9,15.5,TOT,0.7,1.8,-0.7,127,-0.1,1.0,.319,-0.2,0.9,40,27,0.2,12.9,25.9,.249,.045,26.7,17.1,.501,SF,Tyreke Evans,788,9.5
0.9,,-2.5,8.6,UTA,1.2,2.9,-2.0,128,-0.5,0.8,.410,-0.1,1.3,66,21,-0.1,16.8,14.2,.201,.047,18.1,9.3,.521,PG,Dante Exum,1228,6.2
1.6,,0.8,20.3,DEN,4.6,15.7,0.9,129,-0.1,2.4,.014,3.4,1.2,61,27,0.9,10.4,6.3,.454,.169,18.3,23.6,.588,PF,Kenneth Faried,1296,19.7
2.9,,-3.1,14.4,SAC,0.0,3.3,0.7,130,-3.8,0.0,.750,0.0,0.0,2,30,0.0,20.0,38.6,.000,.064,19.4,6.5,.500,PG,Jordan Farmar,35,4.9
2.0,,-0.1,15.8,UTA,2.7,9.2,-2.4,131,2.3,2.7,.024,0.5,2.2,50,25,0.6,11.4,7.9,.261,.109,20.7,20.2,.512,PF,Derrick Favors,1186,14.9
2.3,,-6.1,11.2,CLE,0.0,0.9,-4.9,132,-1.2,1.5,.139,-0.3,0.4,42,21,-0.4,14.7,22.7,.310,.004,24.3,10.5,.462,PG,Kay Felder,386,5.9
1.2,,-0.1,15.2,CHI,3.4,12.8,-0.6,133,0.5,1.2,.000,2.1,1.3,66,24,0.5,11.2,5.7,.419,.157,12.4,19.5,.601,C,Cristiano Felicio,1040,16.1
2.0,,-0.9,10.9,LAC,2.0,2.2,-1.8,134,0.9,1.1,.280,0.2,1.8,80,32,0.5,13.3,16.3,.125,.055,16.5,11.8,.496,PG,Raymond Felton,1700,7.1
1.8,,-0.7,13.1,TOT,1.8,1.8,-0.1,135,-0.7,0.7,.447,0.8,1.0,46,23,0.4,13.9,23.2,.226,.072,19.6,9.2,.533,PG,Yogi Ferrell,1197,5.3
1.6,,-1.5,7.7,DAL,1.4,3.7,-2.8,136,1.3,1.4,.574,-0.1,1.5,81,23,0.2,11.1,6.0,.183,.041,11.6,12.3,.486,PF,Dorian Finney-Smith,1642,7.8
0.2,,-6.0,5.9,SAS,0.1,0.8,-3.2,137,-2.8,0.0,.535,-0.2,0.2,36,23,-0.3,9.8,11.7,.061,.014,17.9,8.2,.462,SG,Bryn Forbes,285,4.6
1.5,,-1.3,13.9,ORL,2.8,2.1,0.8,138,-2.2,0.1,.387,1.7,1.1,68,24,0.4,11.8,14.8,.298,.059,23.5,8.3,.555,SG,Evan Fournier,2234,5.1
1.3,,-3.9,7.3,BRK,0.2,0.8,-3.0,139,-1.0,0.5,.625,-0.6,0.7,69,33,-0.6,18.5,15.2,.194,.006,14.4,11.9,.506,SG,Randy Foye,1284,6.4
1.8,,-2.2,12.4,NOP,2.4,2.3,-1.5,140,-0.7,0.3,.317,1.0,1.4,65,26,-0.1,18.0,31.4,.319,.075,16.3,9.7,.504,PG,Tim Frazier,1525,6.0
1.2,,-0.6,15.6,CLE,3.7,3.0,0.8,141,-1.5,2.1,.644,2.3,1.4,74,33,0.5,8.8,4.9,.142,.125,19.3,19.3,.612,C,Channing Frye,1398,11.4
0.9,,0.8,17.4,DEN,6.9,2.0,2.9,142,-2.1,0.5,.432,6.2,0.7,63,28,1.5,8.1,9.1,.516,.154,19.9,14.7,.622,SF,Danilo Gallinari,2134,8.4
1.5,,-2.6,10.4,TOT,1.3,1.9,-0.9,143,-1.7,0.3,.565,0.2,1.1,74,25,-0.2,7.4,9.4,.117,.041,18.4,9.3,.510,PG,Langston Galloway,1495,5.6
0.0,,-17.3,-9.2,ORL,-0.2,2.5,-14.1,144,-3.3,0.0,.714,-0.2,0.0,5,23,-0.2,30.0,0.0,.000,-0.250,10.2,15.6,.000,SG,Patricio Garino,43,8.9
1.4,,4.2,20.2,MEM,7.7,2.6,2.1,145,2.2,3.7,.231,4.2,3.5,74,32,4.0,11.3,24.8,.286,.145,26.4,18.7,.554,C,Marc Gasol,2531,10.4
0.8,,3.7,20.2,SAS,6.4,7.6,0.9,146,2.8,3.5,.172,3.3,3.1,64,36,2.4,10.6,14.7,.305,.189,21.3,26.8,.578,C,Pau Gasol,1627,17.4
2.2,,0.7,17.9,SAC,1.8,4.0,0.3,147,0.4,2.3,.256,0.8,1.0,30,30,0.7,12.8,13.9,.312,.086,25.8,17.5,.559,SF,Rudy Gay,1013,10.8
0.0,,-10.4,-2.1,DET,-0.1,6.6,-7.7,148,-2.8,0.0,.400,-0.1,0.0,9,24,-0.1,0.0,7.9,.200,-0.136,15.0,3.5,.184,SG,Michael Gbinije,32,5.1
2.7,,-4.6,3.1,DEN,-0.1,5.0,-5.6,149,1.0,0.9,.214,-0.1,0.1,13,29,-0.1,18.2,8.2,.643,-0.032,10.5,13.5,.306,SF,Alonzo Gee,89,9.3
2.2,,2.8,20.2,IND,7.1,2.5,3.1,150,-0.3,0.9,.368,4.0,3.1,75,26,3.2,12.6,16.1,.277,.127,28.9,17.9,.586,SF,Paul George,2689,10.3
1.0,,-4.7,10.2,ORL,0.1,2.2,-3.4,151,-1.3,0.0,.286,0.1,0.0,5,22,0.0,14.9,8.3,1.429,.107,12.3,18.7,.614,SG,Marcus Georges-Hunt,48,10.2
1.8,,-5.5,9.5,DAL,-0.1,0.5,-3.3,152,-2.2,0.0,.474,-0.3,0.2,17,29,-0.2,16.3,18.8,.305,-0.030,26.3,11.1,.492,PG,Jonathan Gibson,231,5.5
1.1,,-2.1,15.1,TOT,4.0,8.6,-2.4,153,0.3,2.6,.018,1.6,2.5,78,31,0.0,11.9,5.9,.223,.098,19.3,18.0,.543,PF,Taj Gibson,1989,13.2
3.2,,1.9,13.9,SAS,3.0,2.5,0.5,154,1.4,1.0,.517,0.6,2.4,69,39,1.3,16.5,20.8,.244,.110,20.4,11.1,.532,SG,Manu Ginobili,1291,6.9
0.9,,5.8,23.3,UTA,14.3,13.6,1.4,155,4.5,6.4,.002,8.3,6.0,81,24,5.4,15.1,5.7,.763,.250,16.7,29.5,.682,C,Rudy Gobert,2744,21.8
0.9,,-1.1,18.7,TOT,0.7,3.5,0.6,156,-1.7,1.8,.227,0.6,0.1,15,22,0.0,14.2,18.5,.636,.153,19.8,10.3,.651,SG,Archie Goodwin,214,6.9
1.4,,-0.7,14.4,ORL,3.7,5.3,-0.2,157,-0.4,1.4,.309,2.0,1.7,80,21,0.8,8.5,10.5,.251,.076,20.1,14.1,.530,SF,Aaron Gordon,2298,9.6
1.0,,-1.4,13.1,HOU,3.8,1.4,1.0,158,-2.4,1.4,.651,2.5,1.4,75,28,0.4,10.0,12.3,.172,.079,22.1,8.1,.557,SG,Eric Gordon,2323,4.7
0.8,,0.4,15.5,WAS,6.8,10.6,-0.9,159,1.2,2.1,.003,3.9,2.9,82,32,1.5,13.7,6.8,.236,.128,14.7,26.8,.593,C,Marcin Gortat,2556,18.7
1.6,,-2.8,10.6,CHO,0.4,2.9,-1.5,160,-1.3,0.5,.375,0.3,0.2,27,23,0.0,6.0,4.7,.375,.108,11.8,10.0,.612,SG,Treveon Graham,189,6.4
1.1,,-2.1,10.1,TOT,2.9,2.7,-3.0,161,0.9,4.1,.354,1.1,1.8,80,22,0.0,10.1,4.2,.448,.091,12.1,12.2,.556,SF,Jerami Grant,1531,7.4
2.3,,-0.3,13.1,CHI,2.5,1.8,0.0,162,-0.3,0.6,.445,1.3,1.2,63,24,0.4,11.7,17.3,.243,.118,16.0,9.9,.555,PG,Jerian Grant,1028,5.8
2.0,,2.4,10.2,SAS,3.4,2.0,-0.3,163,2.7,2.6,.693,0.4,3.0,68,29,2.0,14.1,9.6,.071,.090,13.5,11.8,.537,SG,Danny Green,1807,7.0
3.0,,5.4,16.5,GSW,8.2,4.6,0.4,164,5.0,3.4,.405,2.8,5.4,76,26,4.6,19.8,27.6,.328,.160,16.2,20.9,.522,PF,Draymond Green,2471,13.3
0.8,,-4.7,12.0,BOS,0.6,3.6,-1.9,165,-2.7,1.1,.478,0.1,0.4,47,31,-0.4,9.1,9.8,.177,.051,22.7,13.9,.524,SF,Gerald Green,538,8.8
1.1,,0.6,13.5,MEM,5.8,8.8,-0.4,166,1.0,1.5,.290,3.1,2.6,77,26,1.4,14.1,6.3,.334,.131,14.4,21.1,.601,PF,JaMychal Green,2101,14.8
1.2,,-4.6,10.5,ORL,0.7,2.7,-2.8,167,-1.8,0.7,.346,-0.2,0.9,69,30,-1.0,10.6,8.1,.301,.022,20.3,12.8,.505,PF,Jeff Green,1534,7.6
1.4,,4.4,22.6,LAC,7.7,6.1,3.2,168,1.3,0.9,.116,5.4,2.4,61,27,3.4,10.9,24.5,.434,.179,28.0,20.2,.569,PF,Blake Griffin,2076,13.4
1.2,,-0.8,13.6,BRK,2.1,6.5,-0.9,169,0.2,2.8,.478,1.0,1.0,64,26,0.4,9.7,7.3,.137,.084,16.2,17.0,.550,C,Justin Hamilton,1177,11.8
0.3,,-5.6,8.4,DAL,0.0,5.4,-7.5,170,1.9,7.2,.238,-0.2,0.2,22,24,-0.1,16.4,3.8,.476,-0.001,17.6,20.9,.472,C,A.J. Hammons,163,12.8
1.3,,-0.3,15.2,ATL,4.8,1.8,1.3,171,-1.5,0.6,.457,2.7,2.1,79,24,0.9,9.5,14.3,.235,.107,22.5,9.5,.568,SG,Tim Hardaway,2154,5.7
2.0,,10.1,27.3,HOU,15.0,3.5,8.7,172,1.5,1.0,.493,11.5,3.6,81,27,9.0,19.5,50.7,.575,.245,34.2,20.9,.613,PG,James Harden,2947,12.2
1.9,,0.8,13.2,POR,4.2,6.2,0.0,173,0.8,2.5,.311,2.4,1.9,77,23,1.5,11.1,6.0,.199,.092,15.1,10.8,.570,SF,Maurice Harkless,2223,8.5
0.0,,-8.8,4.9,PHI,-0.1,7.1,-5.1,174,-3.8,0.0,.583,-0.1,0.0,3,27,-0.1,25.0,10.5,.000,-0.103,22.4,10.7,.500,PF,Justin Harper,31,8.9
0.9,,0.9,19.2,HOU,4.1,8.3,0.8,175,0.2,3.2,.020,3.1,1.0,58,23,0.8,9.9,9.6,.351,.183,17.6,14.2,.662,C,Montrezl Harrell,1064,11.2
2.1,,-0.4,13.8,DAL,2.2,1.1,-0.1,176,-0.3,0.6,.519,1.1,1.1,65,33,0.4,12.5,20.0,.378,.096,19.7,13.0,.549,PG,Devin Harris,1087,6.8
1.9,,1.5,16.5,DEN,4.6,3.0,3.1,177,-1.6,0.3,.400,3.9,0.7,57,22,1.6,9.8,13.6,.210,.124,18.4,8.0,.611,SG,Gary Harris,1782,5.5
1.2,,-3.0,9.0,BRK,0.8,1.5,-1.4,178,-1.5,0.5,.610,0.1,0.6,52,25,-0.3,12.5,7.3,.135,.032,16.5,12.0,.558,SG,Joe Harris,1138,6.8
0.0,,-18.8,-2.2,DAL,-0.2,13.3,-15.1,179,-3.8,0.0,.133,-0.2,0.0,4,27,-0.1,10.7,12.7,.267,-0.364,35.4,29.3,.239,SG,Manny Harris,25,20.9
1.2,,1.2,16.9,DET,6.9,2.6,1.1,180,0.1,1.3,.295,4.0,2.8,82,24,2.1,7.6,8.8,.213,.129,21.7,15.6,.568,PF,Tobias Harris,2567,8.8
0.0,,-11.6,-2.2,CHO,-0.1,0.0,-9.6,181,-2.1,0.0,.500,-0.1,0.0,5,22,0.0,0.0,22.6,.500,-0.146,12.9,19.5,.102,SG,Aaron Harrison,17,9.7
1.9,,-2.5,8.7,MEM,1.6,1.7,-2.4,182,0.0,1.3,.433,0.0,1.5,72,22,-0.2,16.0,20.0,.539,.051,16.4,9.0,.477,PG,Andrew Harrison,1474,5.3
1.9,,-3.7,8.4,MIA,0.2,6.7,-4.9,183,1.1,0.6,.130,0.0,0.2,17,36,-0.1,21.3,6.4,.652,.069,12.8,24.1,.524,C,Udonis Haslem,130,15.3
0.9,,-0.5,15.6,TOT,1.7,5.3,-1.2,184,0.8,3.3,.292,0.7,1.0,54,28,0.3,14.0,16.5,.188,.102,19.8,21.5,.562,PF,Spencer Hawes,797,13.4
1.5,,4.2,22.2,UTA,10.4,2.3,4.2,185,0.0,0.6,.324,7.1,3.3,73,26,4.0,9.4,18.2,.371,.199,27.6,15.4,.595,SF,Gordon Hayward,2516,9.0
1.2,,-3.1,10.8,PHI,2.1,2.2,-1.8,186,-1.2,0.7,.313,1.0,1.0,72,29,-0.5,9.0,10.5,.298,.059,17.9,10.0,.529,SG,Gerald Henderson,1667,6.1
1.3,,-0.1,15.3,MIL,2.7,9.6,-2.6,187,2.5,6.1,.003,1.1,1.6,58,26,0.5,13.0,7.7,.346,.115,16.6,20.8,.550,C,John Henson,1123,15.3
1.7,,-1.3,13.3,DEN,1.8,5.7,-0.1,188,-1.2,1.1,.504,1.2,0.6,62,21,0.1,10.7,4.7,.339,.103,14.6,18.7,.592,PF,Juan Hernangomez,842,12.3
1.5,,0.0,18.9,NYK,3.4,13.8,-0.6,189,0.6,2.2,.032,1.8,1.6,72,22,0.7,16.1,11.5,.269,.123,20.3,27.1,.564,C,Willy Hernangomez,1324,20.4
1.5,,-5.8,7.2,ORL,-0.7,2.2,-4.8,190,-1.0,1.2,.436,-1.4,0.7,65,21,-0.9,14.1,9.6,.152,-0.034,18.8,14.7,.450,SF,Mario Hezonja,960,8.3
0.6,,-1.1,13.6,TOT,1.8,8.7,-2.9,191,1.9,5.9,.000,1.0,0.8,48,30,0.2,15.1,4.6,.510,.130,14.0,16.2,.614,C,Roy Hibbert,682,12.4
1.0,,-2.7,11.8,TOT,1.3,2.0,-0.9,192,-1.9,0.4,.494,0.0,1.3,82,23,-0.4,11.2,10.3,.099,.032,21.3,13.5,.541,SG,Buddy Hield,1888,7.8
2.2,,0.5,18.9,HOU,4.1,8.6,-0.4,193,0.9,2.7,.023,2.5,1.6,67,34,0.8,13.1,8.6,.496,.165,19.7,16.9,.630,C,Nene Hilario,1198,12.8
1.7,,3.6,19.3,UTA,5.9,1.8,3.8,194,-0.3,0.6,.384,4.0,1.9,49,30,2.2,10.9,22.6,.323,.182,23.5,10.5,.599,PG,George Hill,1544,6.2
1.1,,-12.9,5.5,MIN,0.0,19.6,-6.7,195,-6.2,0.0,.000,-0.1,0.0,7,29,-0.1,22.4,0.0,.154,-0.033,16.8,15.1,.432,C,Jordan Hill,47,17.4
1.5,,-0.3,8.0,NOP,2.7,2.3,-1.8,196,1.5,1.1,.565,0.4,2.3,80,25,1.0,13.3,8.1,.268,.054,11.5,11.4,.527,SF,Solomon Hill,2374,6.8
1.5,,-6.1,5.9,DET,-0.2,0.6,-5.0,197,-1.1,0.4,.365,-0.6,0.4,39,23,-0.4,16.8,12.3,.222,-0.027,19.3,9.2,.459,SG,Darrun Hilliard,381,4.7
2.2,,1.7,17.1,NOP,3.8,2.2,1.2,198,0.5,1.6,.314,1.2,2.6,67,26,2.0,16.7,35.9,.188,.084,23.5,10.6,.532,PG,Jrue Holiday,2190,6.4
2.0,,-1.1,12.7,NYK,2.5,1.8,-0.3,199,-0.8,1.5,.507,1.3,1.2,82,27,0.4,10.3,9.2,.149,.073,16.9,13.1,.549,SG,Justin Holiday,1639,7.4
2.2,,-1.0,13.7,BRK,2.6,5.8,-2.9,200,1.9,1.9,.124,0.4,2.2,78,22,0.4,15.1,13.4,.467,.070,18.7,21.1,.517,SF,Rondae Hollis-Jefferson,1761,13.6
1.7,,1.7,18.6,PHI,3.7,8.7,0.2,201,1.5,3.7,.187,2.2,1.6,57,23,1.1,10.7,8.3,.250,.151,18.6,20.1,.611,C,Richaun Holmes,1193,14.4
1.3,,-1.2,12.4,UTA,2.6,1.2,-0.3,202,-0.9,0.6,.461,0.7,1.9,59,24,0.3,8.3,10.1,.173,.078,22.9,13.1,.522,SG,Rodney Hood,1593,7.3
1.2,,3.1,17.7,BOS,6.3,4.9,1.0,203,2.1,3.3,.302,3.6,2.7,68,30,2.8,11.9,24.4,.169,.137,19.8,18.6,.553,C,Al Horford,2193,11.8
0.0,,-20.8,12.2,WAS,0.0,0.0,-16.4,204,-4.4,0.0,,0.0,0.0,1,23,0.0,,0.0,,.163,0.0,100.0,,SG,Danuel House,1,56.4
1.4,,2.3,20.8,ATL,8.3,15.0,-0.5,205,2.8,3.6,.003,3.8,4.5,74,31,2.4,17.5,7.8,.692,.181,19.2,31.7,.627,C,Dwight Howard,2199,23.5
2.1,,-7.0,9.1,LAL,-0.1,0.9,-4.6,206,-2.4,0.7,.279,-0.2,0.1,23,33,-0.3,20.1,30.8,.250,-0.025,17.0,10.5,.417,PG,Marcelo Huertas,237,5.5
0.0,,5.7,26.1,OKC,0.2,14.3,3.9,207,1.8,7.7,.364,0.1,0.0,2,25,0.1,0.0,15.5,.091,.265,15.7,17.9,.612,PF,Josh Huestis,31,16.1
1.1,,-2.7,13.6,ATL,1.7,9.7,-3.0,208,0.3,2.6,.252,0.6,1.1,56,31,-0.1,10.1,6.4,.383,.115,17.6,23.0,.514,PF,Kris Humphries,689,16.4
0.0,,-11.4,-3.2,CHI,0.0,0.0,-9.4,209,-2.1,0.0,1.000,0.0,0.0,3,23,0.0,0.0,0.0,.000,-0.088,4.8,12.1,.000,SG,R.J. Hunter,9,6.0
0.8,,-0.4,16.4,TOT,5.1,5.7,-0.5,210,0.1,4.2,.323,2.5,2.6,79,27,1.0,9.2,5.2,.127,.101,20.9,19.0,.566,PF,Serge Ibaka,2422,12.2
1.8,,3.0,14.4,GSW,6.9,3.0,1.3,211,1.7,1.5,.427,4.1,2.9,76,33,2.5,11.2,16.7,.246,.167,11.2,13.1,.624,SF,Andre Iguodala,1998,8.3
1.3,,-0.5,14.6,TOT,4.1,5.9,0.3,212,-0.8,0.9,.452,1.8,2.3,82,29,0.8,10.6,11.0,.233,.091,22.2,18.8,.546,PF,Ersan Ilyasova,2142,12.4
2.6,,2.7,12.4,UTA,5.0,1.4,0.9,213,1.8,0.3,.619,2.0,3.0,82,29,2.3,18.2,17.1,.151,.122,13.9,13.5,.604,SF,Joe Ingles,1972,7.6
1.1,,-3.8,8.5,LAL,-0.3,2.8,-3.1,214,-0.7,1.3,.273,-1.0,0.7,79,19,-1.1,12.9,10.5,.312,-0.007,16.8,12.8,.474,SF,Brandon Ingram,2279,7.6
1.6,,2.5,23.0,CLE,8.9,2.3,4.8,215,-2.3,0.8,.311,7.4,1.5,72,24,2.9,10.3,29.7,.231,.170,30.8,7.5,.580,PG,Kyrie Irving,2525,5.0
3.0,,-9.3,7.7,NOP,0.0,0.0,-5.3,216,-4.1,0.0,.333,0.0,0.0,2,33,-0.1,43.6,20.3,.667,.060,9.2,0.0,.773,PG,Jarrett Jack,33,0.0
0.0,,6.4,30.8,BOS,0.1,13.2,9.2,217,-2.8,0.0,.250,0.1,0.0,5,22,0.0,0.0,28.2,1.500,.386,17.3,13.0,.753,PG,Demetrius Jackson,17,13.1
1.2,,-4.4,13.0,DAL,0.0,1.3,-1.7,218,-2.8,0.0,.282,0.0,0.1,8,25,-0.1,6.7,38.0,.179,.021,25.3,11.6,.416,PG,Pierre Jackson,84,6.2
1.2,,-1.4,14.9,DET,1.9,1.6,0.6,219,-2.1,0.3,.272,0.8,1.2,52,26,0.2,13.4,30.3,.201,.065,26.4,7.3,.510,PG,Reggie Jackson,1424,4.3
1.6,,8.4,27.0,CLE,12.9,4.0,6.8,220,1.6,1.3,.254,9.8,3.0,74,32,7.3,16.1,41.3,.395,.221,30.0,20.7,.619,SF,LeBron James,2794,12.6
1.0,,-3.1,18.9,IND,2.3,9.2,-1.5,221,-1.5,1.5,.002,1.2,1.1,66,32,-0.3,6.1,11.0,.180,.119,26.1,24.2,.526,C,Al Jefferson,931,16.8
0.8,,-2.4,8.2,CLE,2.1,2.0,-1.3,222,-1.0,0.5,.542,1.3,0.8,79,36,-0.1,11.8,6.6,.315,.063,12.2,11.5,.574,SF,Richard Jefferson,1614,6.9
0.0,,-4.1,17.3,PHO,0.0,0.0,1.4,223,-5.5,0.0,.400,0.0,0.0,4,25,0.0,0.0,11.5,.400,.167,18.9,8.6,.595,SG,John Jenkins,13,4.2
1.9,,-3.0,12.1,TOT,1.7,1.8,-0.8,224,-2.2,0.2,.471,0.7,1.0,81,27,-0.4,17.5,30.4,.284,.046,17.6,10.1,.479,PG,Brandon Jennings,1802,5.9
1.0,,-2.1,9.3,BOS,2.1,5.5,-2.4,225,0.3,1.1,.496,0.8,1.3,78,29,0.0,12.3,8.1,.141,.081,11.4,19.1,.537,PF,Jonas Jerebko,1232,12.3
1.6,,2.2,15.0,BOS,5.0,8.2,-0.2,226,2.4,3.2,.178,2.9,2.1,80,29,1.7,15.7,13.0,.270,.149,13.6,17.0,.628,PF,Amir Johnson,1608,12.6
11.1,,1.3,17.2,LAC,0.0,12.8,-10.7,227,12.0,9.1,.000,-0.1,0.0,3,22,0.0,12.5,18.6,.000,-0.164,39.8,24.2,.286,PF,Brice Johnson,9,18.6
1.8,,2.7,17.0,MIA,5.1,3.5,0.5,228,2.2,3.2,.333,1.9,3.2,76,29,2.5,16.5,20.9,.280,.117,22.0,16.6,.564,PF,James Johnson,2085,9.9
1.0,,-0.2,12.8,UTA,3.8,2.1,-0.1,229,-0.1,0.8,.412,1.7,2.1,78,35,0.8,9.5,12.6,.123,.099,18.5,12.7,.542,SF,Joe Johnson,1843,7.6
2.1,,-2.0,7.2,DET,0.4,2.8,-3.8,230,1.8,1.5,.422,-1.4,1.8,77,20,0.0,15.5,10.5,.145,.012,14.8,12.7,.436,SF,Stanley Johnson,1371,7.5
1.9,,1.5,15.9,MIA,5.8,2.5,0.7,231,0.7,1.6,.303,3.1,2.7,73,24,1.9,8.8,16.6,.308,.128,20.9,12.5,.535,PG,Tyler Johnson,2178,7.4
1.8,,-1.8,8.4,LAC,0.9,3.7,-3.4,232,1.6,3.0,.590,-0.3,1.2,68,29,0.0,8.0,3.9,.085,.051,12.5,20.8,.448,SF,Wesley Johnson,810,12.5
1.5,,8.3,26.4,DEN,9.7,11.6,6.2,233,2.2,2.1,.163,7.7,2.0,73,21,5.3,15.2,28.8,.267,.229,23.5,27.2,.640,C,Nikola Jokic,2038,19.5
0.0,,-10.9,14.7,CLE,0.0,9.5,-3.8,234,-7.1,0.0,.250,0.0,0.0,1,36,0.0,9.3,14.5,.500,-0.030,39.9,8.9,.461,SF,Dahntay Jones,12,9.2
0.6,,-9.6,5.3,GSW,0.0,12.4,-7.5,235,-2.1,3.7,.000,-0.1,0.1,10,21,-0.2,22.7,0.0,.625,.018,13.4,17.0,.466,C,Damian Jones,85,14.8
1.2,,-1.1,12.0,PHO,1.1,7.6,-0.5,236,-0.5,1.9,.091,0.9,0.2,32,19,0.1,8.6,3.1,.339,.098,11.7,8.2,.604,SF,Derrick Jones,545,7.9
0.9,,-1.5,11.3,CLE,0.8,0.9,0.0,237,-1.5,2.1,.717,0.6,0.2,48,36,0.0,9.0,5.2,.217,.104,13.0,9.8,.655,SF,James Jones,381,5.5
1.5,,-1.3,16.2,TOT,2.3,5.4,-2.7,238,1.3,3.5,.153,0.4,1.9,54,25,0.2,7.8,7.5,.346,.087,21.4,20.2,.516,PF,Terrence Jones,1270,12.7
3.1,,-1.9,13.8,MIN,1.5,1.5,-0.4,239,-1.5,0.6,.403,1.0,0.6,60,20,0.0,16.0,28.0,.238,.095,13.6,8.7,.523,PG,Tyus Jones,774,5.0
1.0,,4.0,21.8,LAC,11.8,13.3,1.0,240,3.0,4.3,.003,7.2,4.6,81,28,3.9,13.2,5.7,.737,.220,15.3,34.6,.673,C,DeAndre Jordan,2570,24.2
1.7,,-0.8,13.2,TOR,3.4,2.9,-0.4,241,-0.4,0.6,.204,1.7,1.7,80,25,0.6,13.1,20.0,.185,.082,18.4,10.4,.518,SG,Cory Joseph,2003,6.6
1.2,,-1.5,13.0,CHO,2.3,3.2,-0.8,242,-0.7,1.5,.441,0.4,1.9,75,23,0.2,8.0,13.5,.195,.056,21.8,15.8,.502,C,Frank Kaminsky,1954,9.5
1.0,,-1.2,23.7,OKC,5.8,14.1,0.6,243,-1.9,2.0,.052,4.0,1.8,72,24,0.3,12.5,7.9,.387,.183,27.3,20.8,.599,C,Enes Kanter,1533,17.4
1.8,,-3.9,7.8,ATL,0.1,1.0,-6.2,244,2.3,3.9,.357,-0.1,0.2,16,25,-0.1,11.5,10.2,.214,.029,13.7,16.7,.408,PF,Ryan Kelly,110,9.0
1.7,,0.2,14.3,CHO,5.8,7.3,-2.0,245,2.2,2.9,.015,2.7,3.1,81,23,1.3,7.4,7.4,.314,.119,14.6,19.3,.528,SF,Michael Kidd-Gilchrist,2349,13.2
1.2,,-3.0,13.1,BRK,1.4,1.3,-1.2,246,-1.8,0.3,.419,0.3,1.1,70,27,-0.4,13.9,14.6,.329,.039,23.9,15.4,.546,SG,Sean Kilpatrick,1754,8.4
1.1,,-4.5,12.3,PHO,0.3,2.3,-1.5,247,-3.0,0.4,.265,0.1,0.2,54,25,-0.7,13.1,17.8,.293,.013,25.0,9.1,.502,SG,Brandon Knight,1140,5.6
1.0,,-0.2,12.1,TOT,3.7,0.5,0.8,248,-1.0,1.0,.697,2.3,1.3,67,35,0.8,11.5,9.4,.082,.101,15.2,11.0,.635,SG,Kyle Korver,1753,5.9
1.3,,-1.9,13.8,SAC,2.6,9.7,-2.6,249,0.7,3.1,.003,1.2,1.4,71,27,0.0,12.7,5.3,.158,.089,15.3,22.9,.560,C,Kosta Koufos,1419,16.4
1.4,,-2.7,12.4,NYK,1.2,5.0,-0.2,250,-2.5,0.9,.455,0.8,0.4,68,27,-0.2,11.3,10.3,.184,.055,19.2,8.4,.533,SF,Mindaugas Kuzminskas,1016,6.7
1.3,,-2.6,16.8,SAC,1.3,9.7,-1.7,251,-0.9,1.9,.037,0.7,0.5,33,20,-0.1,12.9,7.5,.339,.099,21.3,20.7,.577,PF,Skal Labissiere,612,15.3
1.2,,-1.7,17.0,CHO,2.7,2.9,-0.8,252,-0.8,1.8,.297,1.4,1.3,62,24,0.1,6.8,11.3,.263,.115,23.2,22.7,.550,SG,Jeremy Lamb,1143,12.7
1.2,,-4.9,8.4,SAS,0.2,0.7,-2.5,253,-2.4,0.5,.574,0.0,0.2,18,27,-0.1,27.2,23.0,.191,.044,18.2,5.7,.579,PG,Nicolas Laprovittola,174,3.3
1.3,,-3.2,12.6,TOT,1.5,8.0,-2.3,254,-0.9,0.5,.292,0.4,1.1,70,25,-0.3,13.2,10.8,.217,.075,18.5,20.1,.509,PF-C,Joffrey Lauvergne,980,14.1
1.2,,-0.3,14.6,MIN,3.0,1.2,2.1,255,-2.4,0.5,.437,2.5,0.4,47,21,0.8,9.9,12.6,.197,.082,21.7,9.5,.576,SG,Zach LaVine,1749,5.3
2.2,,-1.3,15.4,SAC,3.2,3.0,0.2,256,-1.5,0.3,.226,2.2,1.0,69,29,0.3,17.3,30.0,.416,.088,19.5,8.9,.551,PG,Ty Lawson,1732,6.0
1.8,,-7.4,4.9,POR,-0.3,2.7,-4.7,257,-2.7,1.0,.573,-0.4,0.1,35,22,-0.3,10.2,6.2,.191,-0.054,19.0,8.0,.404,SF,Jake Layman,249,5.3
1.6,,-0.2,12.1,NYK,4.2,2.3,0.5,258,-0.7,0.8,.382,3.1,1.1,77,31,1.1,8.5,10.6,.139,.081,14.4,9.1,.559,SG,Courtney Lee,2459,5.7
1.1,,3.2,18.4,SAS,5.7,11.6,0.7,259,2.5,2.2,.000,3.2,2.5,79,33,1.9,14.9,13.0,.269,.186,16.9,21.9,.613,PF,David Lee,1477,16.9
1.1,,-1.8,15.0,PHO,3.0,10.6,-3.0,260,1.2,5.1,.026,1.2,1.7,77,23,0.1,15.5,4.2,.449,.091,17.6,25.3,.553,C,Alex Len,1560,17.8
2.7,,7.9,27.5,SAS,13.6,3.7,6.4,261,1.5,1.8,.294,8.9,4.7,74,25,6.2,9.1,18.9,.407,.264,31.1,15.7,.611,SF,Kawhi Leonard,2474,9.8
0.5,,-3.4,8.9,POR,1.4,2.4,-2.1,262,-1.3,1.8,.563,0.5,0.8,74,24,-0.4,8.1,8.4,.106,.053,15.5,19.0,.507,PF,Meyers Leonard,1222,10.7
0.8,,0.2,14.2,DET,4.5,5.5,-0.4,263,0.5,1.1,.259,2.5,2.0,75,27,1.1,8.7,8.6,.175,.112,17.3,17.5,.551,PF,Jon Leuer,1944,11.3
1.9,,-1.1,12.2,BRK,1.8,2.0,-0.7,264,-0.4,0.5,.484,0.8,1.0,57,22,0.3,12.3,13.7,.245,.070,16.6,13.9,.556,SF,Caris LeVert,1237,8.0
3.0,,-2.1,7.5,TOT,0.5,2.9,-3.9,265,1.8,1.5,.324,-0.4,0.9,62,28,0.0,20.8,9.2,.282,.031,11.6,12.2,.476,SG,DeAndre Liggins,777,7.7
1.3,,4.3,24.1,POR,10.3,1.9,6.4,266,-2.0,0.6,.388,8.8,1.5,75,26,4.3,10.2,28.7,.366,.184,31.5,13.3,.586,PG,Damian Lillard,2694,7.6
2.2,,2.0,19.2,BRK,2.1,1.3,2.5,267,-0.5,1.2,.390,1.3,0.8,36,28,0.9,15.7,35.5,.353,.115,26.6,14.7,.566,PG,Jeremy Lin,883,8.1
1.4,,-2.0,10.1,GSW,2.6,2.4,-2.5,268,0.5,1.2,.009,1.1,1.6,76,31,0.0,15.1,13.5,.190,.094,12.9,9.4,.568,PG,Shaun Livingston,1345,6.2
1.9,,3.4,24.1,PHI,0.9,19.3,3.4,269,0.0,3.1,.174,0.6,0.3,18,24,0.3,9.5,10.7,.321,.194,25.4,20.8,.595,C,Shawn Long,234,20.0
1.5,,0.3,13.4,GSW,1.4,11.5,-1.4,270,1.7,3.0,.084,0.7,0.8,53,20,0.3,12.2,8.5,.318,.154,13.4,18.5,.553,C,Kevon Looney,447,15.2
0.8,,1.5,20.4,BRK,4.9,5.8,1.9,271,-0.4,4.2,.330,3.1,1.8,75,28,2.0,12.1,14.8,.311,.105,29.2,13.3,.578,C,Brook Lopez,2222,9.6
0.4,,-0.9,14.4,CHI,4.3,11.4,-1.9,272,1.0,4.1,.003,1.8,2.4,81,28,0.6,9.9,5.6,.134,.090,17.5,13.2,.511,C,Robin Lopez,2271,12.3
1.4,,0.8,21.1,CLE,6.4,8.9,1.7,273,-0.9,0.9,.449,4.0,2.4,60,28,1.3,10.9,9.8,.340,.163,26.4,29.3,.573,PF,Kevin Love,1885,19.5
2.0,,6.7,22.9,TOR,10.1,2.4,7.1,274,-0.4,0.7,.510,7.8,2.3,60,30,4.9,13.8,29.9,.398,.216,24.9,12.1,.623,PG,Kyle Lowry,2244,7.3
9.2,,-5.6,9.1,MIN,0.0,0.0,-6.0,275,0.4,0.0,.250,0.0,0.0,5,34,0.0,0.0,12.5,.000,-0.033,16.1,0.0,.250,PG,John Lucas III,11,0.0
1.3,,-4.0,8.5,PHI,0.8,2.3,-2.8,276,-1.2,0.7,.446,0.0,0.8,69,21,-0.6,15.0,9.6,.341,.034,17.8,11.5,.536,SF,Timothe Luwawu-Cabarrot,1190,6.9
1.2,,-3.0,10.0,UTA,0.8,4.9,-2.9,277,-0.1,1.4,.465,-0.9,1.6,71,21,-0.3,11.9,9.6,.180,.032,21.7,18.1,.464,PF,Trey Lyles,1158,11.7
1.8,,-1.8,10.9,UTA,1.4,2.0,-1.7,278,-0.1,0.2,.315,-0.1,1.5,55,26,0.1,17.8,20.4,.202,.054,19.6,10.1,.518,PG,Shelvin Mack,1205,6.1
2.9,,0.8,14.1,WAS,1.4,9.6,-2.1,279,2.9,3.6,.000,0.5,0.9,31,30,0.4,19.1,4.7,.676,.123,14.0,20.8,.601,C,Ian Mahinmi,555,15.2
0.9,,-1.5,14.0,MIL,1.3,8.4,-0.5,280,-1.0,4.1,.409,0.8,0.5,57,19,0.1,7.7,6.2,.271,.113,17.8,15.2,.558,C,Thon Maker,562,11.8
1.0,,0.1,29.6,DET,1.7,16.5,1.0,281,-0.9,3.4,.000,1.2,0.5,35,28,0.2,6.0,5.3,.439,.280,25.3,32.5,.606,C,Boban Marjanovic,293,24.2
1.6,,-6.4,8.7,MEM,0.6,8.4,-5.8,282,-0.6,1.5,.166,-0.2,0.8,42,22,-0.6,13.9,2.2,.331,.054,16.4,25.3,.477,PF,Jarell Martin,558,16.6
1.6,,0.1,11.9,DAL,3.1,0.8,0.2,283,-0.1,0.6,.566,1.0,2.1,73,30,1.3,9.9,13.6,.211,.060,19.4,11.8,.533,SG,Wesley Matthews,2495,6.0
2.3,,0.7,10.3,LAC,3.1,3.0,-0.8,284,1.5,1.6,.291,1.3,1.8,80,30,1.2,10.1,3.1,.230,.084,11.6,7.7,.581,SF,Luc Mbah a Moute,1787,5.4
1.9,,-0.5,13.0,GSW,1.1,8.7,-2.8,285,2.3,5.0,.068,0.3,0.8,52,24,0.2,12.3,4.9,.359,.115,14.6,12.6,.543,PF,James Michael McAdoo,457,10.8
1.4,,-1.7,8.6,GSW,1.7,2.4,-1.6,286,-0.1,1.1,.502,0.6,1.2,71,21,0.1,12.1,9.0,.151,.077,11.9,7.6,.540,SG,Patrick McCaw,1074,5.2
1.4,,-3.6,10.1,WAS,0.5,1.6,-2.1,287,-1.5,0.6,.400,0.3,0.2,30,24,-0.1,5.4,7.0,.360,.076,14.0,11.7,.518,SG,Sheldon McClellan,287,6.7
1.3,,1.0,19.9,POR,7.6,2.4,3.3,288,-2.2,1.2,.305,6.2,1.4,80,25,2.1,9.9,18.0,.204,.131,27.5,9.2,.585,SG,C.J. McCollum,2796,5.8
3.1,,-1.9,13.7,PHI,3.8,2.0,-2.0,289,0.1,0.4,.107,1.4,2.4,81,24,0.0,22.4,37.5,.176,.084,14.4,11.0,.504,PG,T.J. McConnell,2133,6.5
1.2,,-4.6,15.2,TOT,0.1,12.1,-2.0,290,-2.6,1.9,.219,0.1,0.1,16,21,-0.1,8.1,4.4,.156,.072,19.9,13.3,.526,PF,Chris McCullough,80,12.7
1.8,,-4.1,11.5,TOT,0.5,3.2,-3.5,291,-0.6,2.8,.391,0.0,0.5,49,23,-0.3,13.5,4.0,.225,.051,18.1,14.1,.555,SF,K.J. McDaniels,505,8.7
0.4,,-3.5,10.7,TOT,2.6,1.4,-1.2,292,-2.3,0.3,.416,1.6,1.0,66,25,-0.6,6.6,5.9,.169,.083,16.4,11.5,.554,SF,Doug McDermott,1508,6.4
1.2,,0.8,25.2,GSW,3.5,15.8,0.2,293,0.6,7.1,.013,2.0,1.5,77,29,0.5,9.8,3.8,.348,.225,23.8,20.1,.642,C,JaVale McGee,739,18.1
1.2,,-0.4,9.1,MIA,2.9,5.3,-0.8,294,0.5,0.7,.478,1.2,1.7,78,25,0.8,10.2,8.8,.154,.072,12.3,9.2,.506,SG,Rodney McGruder,1966,7.2
1.2,,-4.8,9.8,SAC,0.4,1.9,-2.1,295,-2.7,0.5,.406,-0.1,0.5,61,23,-0.8,11.9,6.9,.222,.015,20.1,10.8,.538,SG,Ben McLemore,1176,6.4
1.0,,-6.5,9.7,CLE,0.2,1.8,-3.7,296,-2.8,1.3,.340,-0.1,0.2,37,25,-0.4,7.8,7.4,.227,.020,20.8,9.5,.488,SG,Jordan McRae,384,5.7
1.3,,-2.4,9.8,MIA,0.3,6.6,-2.9,297,0.5,0.8,.263,-0.1,0.4,22,29,0.0,15.9,18.9,.076,.036,16.9,15.0,.439,PF,Josh McRoberts,381,10.7
2.3,,-1.8,13.1,ORL,1.1,0.7,-0.4,298,-1.4,0.4,.535,0.5,0.6,36,29,0.0,11.1,9.3,.289,.073,19.4,10.9,.567,SG,Jodie Meeks,738,5.7
1.8,,0.2,14.8,DAL,3.0,11.9,-3.6,299,3.8,6.1,.022,1.3,1.7,73,30,0.5,19.6,2.4,.445,.159,10.6,28.4,.650,C,Salah Mejri,905,19.8
1.1,,-4.8,9.8,BOS,0.1,10.4,-5.7,300,0.9,3.5,.029,-0.1,0.2,25,22,-0.1,18.3,7.1,.412,.036,15.5,16.4,.473,PF,Jordan Mickey,141,13.4
2.3,,-0.5,15.0,MIL,1.6,1.5,0.0,301,-0.6,0.7,.312,0.7,0.9,29,25,0.3,14.8,17.5,.276,.085,22.5,14.5,.570,SF,Khris Middleton,889,8.1
1.3,,-0.5,13.7,IND,4.0,1.9,1.6,302,-2.1,1.2,.632,2.7,1.4,76,29,0.7,5.5,4.1,.144,.109,18.4,12.4,.592,SF,C.J. Miles,1776,7.2
0.6,,-3.8,7.8,DEN,0.1,2.2,-3.0,303,-0.8,0.0,.870,0.0,0.1,20,36,-0.1,35.2,18.3,.087,.021,10.4,26.1,.586,SF,Mike Miller,151,14.3
1.9,,1.3,15.2,SAS,5.1,1.6,2.5,304,-1.2,0.1,.572,2.8,2.2,80,28,1.5,13.3,24.3,.129,.139,19.5,7.4,.577,PG,Patty Mills,1754,4.6
0.0,,-13.2,-3.4,PHO,-0.1,13.8,-9.9,305,-3.3,0.0,.286,-0.1,0.0,2,29,-0.1,20.2,5.6,.286,-0.233,18.0,14.6,.190,SG,Elijah Millsap,23,14.2
1.9,,2.7,17.8,ATL,6.4,5.3,0.5,306,2.1,2.3,.248,2.6,3.8,69,31,2.7,12.1,17.9,.417,.132,24.4,19.5,.542,PF,Paul Millsap,2343,12.5
1.6,,0.4,14.5,CHI,3.8,3.9,0.0,307,0.5,2.7,.603,1.3,2.5,70,25,1.0,10.4,6.9,.205,.108,19.8,20.9,.546,PF,Nikola Mirotic,1679,12.3
2.6,,2.0,21.1,MIL,5.6,10.8,0.5,308,1.5,1.8,.006,3.0,2.6,81,26,1.9,14.4,17.3,.329,.147,24.3,23.1,.572,C,Greg Monroe,1823,17.0
1.3,,-1.3,12.1,NOP,2.7,1.9,-0.9,309,-0.5,1.4,.336,1.2,1.5,73,27,0.3,8.7,13.8,.120,.070,17.4,6.9,.537,SG,E,1820,4.4
1.0,,-0.5,12.4,DET,3.9,3.2,-0.3,310,-0.2,0.8,.355,1.4,2.4,79,27,1.0,7.4,9.4,.184,.072,20.3,12.8,.508,SF,Marcus Morris,2565,7.8
1.7,,-1.0,13.7,WAS,4.1,5.1,-1.3,311,0.2,1.5,.220,1.6,2.5,76,27,0.6,11.6,7.8,.242,.083,20.5,18.2,.540,PF,Markieff Morris,2374,11.7
1.7,,-4.3,10.0,TOT,1.2,1.9,-1.2,312,-3.1,0.2,.528,0.7,0.5,49,31,-0.4,2.2,5.2,.147,.083,16.4,2.9,.505,SG,Anthony Morrow,714,2.4
1.8,,-3.1,9.1,NOP,0.2,5.7,-4.2,313,1.1,1.9,.341,-0.5,0.6,34,26,-0.1,16.3,9.7,.355,.016,17.6,16.6,.470,PF,Donatas Motiejunas,479,11.1
0.7,,-3.6,12.3,LAL,1.1,9.9,-2.8,314,-0.8,2.3,.003,0.7,0.4,54,30,-0.4,16.6,5.9,.238,.048,16.8,16.4,.553,C,Timofey Mozgov,1104,13.1
1.4,,-3.8,10.9,DEN,0.2,2.3,-2.0,315,-1.8,0.7,.323,-0.4,0.5,55,20,-0.6,16.5,21.8,.303,.006,22.6,11.6,.483,PG,Emmanuel Mudiay,1406,7.0
0.7,,-4.4,14.9,MIN,2.7,6.4,-0.2,316,-4.3,0.3,.244,2.5,0.2,78,24,-0.9,7.6,3.7,.318,.086,21.5,10.6,.566,SF,Shabazz Muhammad,1516,8.5
1.3,,-4.8,9.6,SAS,0.0,2.2,-4.6,317,-0.2,1.5,.198,-0.4,0.5,38,20,-0.2,22.7,22.6,.259,.004,23.5,12.4,.503,PG,Dejounte Murray,322,7.4
1.4,,-2.6,11.9,DEN,1.4,2.6,-0.5,318,-2.1,1.1,.471,0.6,0.7,82,19,-0.3,12.6,14.0,.164,.037,21.6,10.7,.518,SG,Jamal Murray,1764,6.7
1.2,,1.1,14.4,ATL,3.4,6.9,-0.4,319,1.5,2.8,.326,1.8,1.6,70,25,1.0,13.1,11.9,.190,.132,14.8,14.4,.596,C,Mike Muscala,1237,10.7
2.8,,2.0,15.8,LAL,3.5,8.8,-0.3,320,2.3,2.3,.100,2.1,1.5,63,24,1.5,12.4,9.7,.222,.118,13.4,19.6,.567,PF,Larry Nance Jr.,1442,14.0
3.1,,-2.2,13.6,POR,0.6,1.7,-0.9,321,-1.3,0.3,.503,0.1,0.5,53,25,0.0,16.7,19.5,.268,.060,21.2,11.5,.533,PG,Shabazz Napier,512,6.6
2.3,,-3.8,11.3,NYK,0.4,7.1,-3.5,322,-0.3,2.0,.081,0.1,0.3,32,24,-0.1,11.0,3.5,.302,.059,14.3,13.7,.503,PF,Maurice Ndour,331,10.4
0.0,,-16.6,-4.3,ATL,-0.1,0.0,-11.8,323,-4.9,0.0,.286,-0.1,0.0,2,32,-0.1,0.0,7.1,.571,-0.189,21.2,6.0,.228,SG,Gary Neal,18,3.1
1.3,,-2.0,11.4,DEN,2.8,1.5,0.3,324,-2.3,0.3,.452,2.3,0.5,75,34,0.0,17.0,26.0,.104,.065,15.8,8.8,.544,PG,Jameer Nelson,2045,5.2
3.2,,-0.3,10.7,UTA,0.7,1.4,-1.7,325,1.4,1.2,.341,0.2,0.6,40,24,0.1,13.6,15.1,.099,.100,14.8,8.4,.527,PG,Raul Neto,346,5.0
1.6,,-12.1,0.1,IND,-0.3,2.4,-9.9,326,-2.2,0.0,.333,-0.4,0.1,23,23,-0.2,11.9,7.5,.056,-0.168,20.2,17.9,.285,PF,Georges Niang,93,10.3
2.3,,-6.4,5.9,TOT,-0.1,4.9,-5.9,327,-0.5,1.5,.243,-0.5,0.4,38,27,-0.4,12.7,4.1,.126,-0.019,17.0,14.6,.427,PF,Andrew Nicholson,342,9.8
1.5,,2.1,15.2,NYK,2.3,17.0,-0.7,328,2.8,3.0,.005,1.1,1.2,46,31,1.1,19.8,14.1,.388,.107,12.5,25.7,.493,C,Joakim Noah,1015,21.3
3.1,,3.3,20.4,TOT,4.0,9.8,-0.5,329,3.8,4.1,.003,2.1,1.9,51,22,1.4,12.5,8.1,.359,.182,17.6,22.3,.622,C,Nerlens Noel,1047,15.9
2.4,,5.4,15.5,TOR,3.7,8.5,-0.1,330,5.6,7.2,.077,1.7,2.0,57,24,2.0,19.9,5.4,.429,.164,9.5,16.7,.682,C,Lucas Nogueira,1088,12.6
0.0,,-13.6,1.3,MIL,0.0,0.0,-6.9,331,-6.7,0.0,.857,0.0,0.0,8,33,-0.1,0.0,0.0,.000,-0.075,14.5,15.7,.357,PF,Steve Novak,22,7.9
1.1,,-1.3,17.0,DAL,2.5,1.8,-1.6,332,0.3,2.4,.308,0.6,1.9,54,38,0.2,6.6,10.6,.165,.084,25.8,28.3,.529,PF,Dirk Nowitzki,1424,14.4
1.8,,-0.2,17.5,TOT,2.0,12.3,-2.3,333,2.2,4.2,.002,0.2,1.8,65,22,0.6,18.6,13.9,.393,.068,23.9,24.8,.528,C,Jusuf Nurkic,1391,18.6
1.6,,-2.0,12.1,LAL,0.7,4.3,-1.7,334,-0.3,1.4,.062,0.6,0.2,20,24,0.0,10.1,5.0,.481,.090,11.8,13.1,.611,SG,David Nwaba,397,8.5
0.0,,-3.3,14.9,TOT,0.1,12.4,-0.2,335,-3.1,1.0,.200,0.1,0.0,11,23,0.0,15.5,12.7,.200,.088,21.1,13.7,.582,PF,Johnny O,80,13.1
1.5,,3.5,20.5,NYK,3.9,13.7,-0.1,336,3.7,6.9,.041,2.1,1.8,79,26,1.7,14.5,14.8,.201,.151,18.5,24.8,.552,C,Kyle O,1229,19.2
1.3,,-8.4,6.6,WAS,0.0,7.6,-6.5,337,-1.9,0.0,.000,-0.1,0.1,19,23,-0.1,9.7,5.8,.074,.005,18.0,25.4,.430,C,Daniel Ochefu,75,16.5
0.9,,-3.3,14.8,PHI,1.2,7.9,-3.4,338,0.1,3.4,.000,0.1,1.1,50,21,-0.4,14.4,9.0,.335,.050,24.1,15.5,.546,C,Jahlil Okafor,1134,11.7
1.7,,-1.3,13.6,OKC,4.0,1.9,-0.4,339,-0.9,0.8,.378,1.7,2.3,67,24,0.4,10.6,12.5,.165,.085,21.4,12.6,.534,SG,Victor Oladipo,2222,7.2
1.4,,0.7,15.2,BOS,4.1,5.3,0.1,340,0.5,1.5,.378,2.2,1.9,75,25,1.0,14.6,15.2,.242,.127,19.0,20.7,.603,C,Kelly Olynyk,1538,13.0
0.0,,-5.9,5.8,ORL,0.0,7.6,-6.5,341,0.7,2.9,.000,0.0,0.0,8,29,0.0,33.3,9.9,.000,-0.005,9.4,16.0,.500,C,Arinze Onuaku,28,11.7
2.8,,-0.6,12.3,HOU,0.1,4.2,-2.4,342,1.8,1.6,.000,0.1,0.1,5,20,0.0,31.3,7.8,.571,.123,10.4,16.8,.799,C,Chinanu Onuaku,52,10.5
1.8,,-2.3,9.1,WAS,2.1,4.3,-1.8,343,-0.5,0.9,.425,0.6,1.4,79,21,-0.1,9.2,4.0,.224,.062,14.5,13.9,.516,SF,Kelly Oubre,1605,9.1
2.2,,2.7,16.1,GSW,4.7,12.9,-0.3,344,3.0,2.0,.007,2.2,2.5,70,32,1.5,19.5,13.6,.410,.177,15.3,22.0,.588,C,Zaza Pachulia,1268,17.7
0.4,,-2.7,12.7,SAC,0.4,7.9,-3.5,345,0.8,4.4,.020,0.1,0.3,22,19,-0.1,18.2,9.0,.137,.058,16.9,19.9,.573,C,Georgios Papagiannis,355,14.0
1.5,,0.3,19.1,MIL,4.1,5.4,1.5,346,-1.3,1.1,.219,2.6,1.5,51,21,1.0,9.2,14.3,.268,.113,26.5,15.7,.563,PF,Jabari Parker,1728,10.6
1.1,,-3.0,13.0,SAS,3.0,0.7,-1.2,347,-1.7,0.1,.121,1.4,1.7,63,34,-0.4,12.5,27.8,.206,.091,20.2,7.3,.514,PG,Tony Parker,1587,4.0
1.5,,-4.0,7.6,MEM,0.2,1.0,-3.6,348,-0.5,0.7,.419,-0.5,0.7,34,28,-0.3,9.1,12.8,.194,.016,17.8,13.6,.436,SF,Chandler Parsons,675,7.1
1.2,,-11.2,-1.9,ATL,-0.1,2.8,-9.9,349,-1.2,0.0,.400,-0.2,0.0,5,25,-0.1,19.7,21.1,.200,-0.176,22.2,16.3,.276,SG,Lamar Patterson,40,9.6
1.3,,0.9,10.8,TOR,3.3,4.4,0.5,350,0.4,1.2,.659,1.7,1.6,65,27,1.2,8.5,6.6,.156,.100,12.5,16.2,.542,PF,Patrick Patterson,1599,10.3
3.1,,8.7,26.2,LAC,10.6,2.5,7.8,351,1.0,0.3,.385,8.0,2.6,61,31,5.2,14.0,46.8,.331,.264,24.4,14.9,.614,PG,Chris Paul,1921,8.8
3.0,,-1.5,14.4,MIN,0.2,7.7,-2.2,352,0.7,4.4,.278,0.0,0.2,18,25,0.0,11.4,8.0,.352,.086,23.1,21.0,.505,PF,Adreian Payne,135,14.3
1.5,,-6.9,5.6,TOT,-0.3,0.7,-4.8,353,-2.1,0.9,.446,-0.8,0.4,31,22,-0.6,12.9,17.7,.041,-0.034,20.9,10.7,.407,PG,Cameron Payne,462,5.7
1.8,,0.9,17.2,ORL,4.4,3.9,0.7,354,0.2,1.3,.160,2.4,2.0,82,22,1.7,15.0,35.7,.231,.088,21.6,13.8,.520,PG,Elfrid Payton,2412,8.7
1.5,,-6.7,4.5,MIL,-0.2,0.0,-7.3,355,0.6,3.6,.409,-0.3,0.1,6,24,-0.1,29.2,18.1,.227,-0.074,15.8,14.0,.413,PG,Gary Payton,99,7.1
0.7,,-4.4,5.7,LAC,0.1,0.4,-3.9,356,-0.5,1.5,.614,-0.2,0.3,25,39,-0.2,17.4,5.0,.186,.015,14.8,18.5,.535,SF,Paul Pierce,277,9.7
1.2,,-2.8,10.9,NYK,0.2,14.5,-2.9,357,0.1,1.9,.000,0.0,0.1,21,24,0.0,23.8,8.1,.633,.048,12.8,17.8,.521,C,Marshall Plumlee,170,16.2
1.6,,2.6,18.1,TOT,6.0,8.8,0.0,358,2.6,3.4,.010,3.6,2.5,81,26,2.5,15.2,19.8,.482,.134,18.1,22.5,.558,C,Mason Plumlee,2148,15.6
1.9,,-3.6,8.4,TOT,0.5,9.0,-4.4,359,0.7,2.4,.000,-0.1,0.5,45,28,-0.2,21.6,6.1,.424,.045,13.1,13.3,.518,C,Miles Plumlee,484,11.1
1.4,,-0.7,12.2,TOR,1.6,14.1,-1.2,360,0.5,2.8,.000,0.9,0.7,54,21,0.2,17.2,2.7,.496,.125,12.1,15.7,.589,C,Jakob Poeltl,626,14.9
2.2,,3.9,17.3,WAS,9.4,5.1,3.0,361,0.9,1.3,.425,6.5,2.9,80,23,3.9,4.8,6.7,.148,.173,15.1,17.1,.628,SF,Otto Porter,2605,11.1
0.8,,-3.1,14.9,CHI,2.4,8.0,-1.6,362,-1.5,0.9,.256,1.1,1.2,64,21,-0.3,8.4,5.7,.157,.114,19.1,24.0,.545,PF,Bobby Portis,1000,16.0
1.1,,0.2,17.4,NYK,4.5,5.5,0.2,363,0.0,4.9,.319,2.4,2.1,66,21,1.2,9.7,7.3,.256,.100,24.3,18.2,.546,PF,Kristaps Porzingis,2164,11.8
2.4,,1.4,17.6,DAL,4.6,7.7,-0.5,364,1.9,2.6,.196,2.7,1.9,77,25,1.2,7.2,6.1,.374,.165,16.7,19.5,.588,C,Dwight Powell,1333,13.3
1.9,,-1.5,14.0,TOR,2.8,2.2,-0.4,365,-1.2,0.9,.342,1.4,1.4,76,23,0.2,10.8,9.3,.314,.097,21.1,11.8,.552,SG,Norman Powell,1368,7.0
0.9,,-2.5,13.2,PHI,0.3,7.7,-0.6,366,-1.9,1.0,.352,0.2,0.1,6,23,0.0,4.9,5.1,.185,.099,16.9,12.7,.548,PF,Alex Poythress,157,10.2
3.9,,-2.4,5.9,PHO,0.0,2.4,-3.2,367,0.8,0.6,.708,-0.1,0.1,14,33,0.0,10.4,16.9,.167,.002,9.0,6.7,.272,PG,Ronnie Price,134,4.5
1.2,,-4.8,10.2,POR,-0.1,5.5,-4.0,368,-0.8,3.0,.448,-0.1,0.1,16,22,-0.1,26.6,21.1,.103,-0.044,22.8,13.9,.511,SG,Tim Quarterman,80,9.7
1.5,,-2.6,13.6,TOT,0.7,2.2,0.3,369,-2.9,0.5,.480,0.5,0.1,26,23,0.0,14.0,16.8,.439,.106,19.7,9.4,.586,PG,Chasson Randle,299,5.8
1.1,,0.0,16.3,LAL,3.5,7.5,-0.7,370,0.7,1.4,.082,2.0,1.5,74,22,1.1,16.2,19.3,.365,.080,21.4,25.8,.543,PF,Julius Randle,2132,16.3
1.1,,-2.1,18.5,MEM,3.2,11.3,-1.4,371,-0.7,0.5,.098,0.8,2.4,73,35,0.0,8.6,13.5,.200,.086,29.2,27.4,.490,PF,Zach Randolph,1786,19.1
1.3,,0.0,14.8,LAC,4.8,0.6,2.0,372,-2.0,0.5,.526,3.3,1.5,78,32,1.1,9.1,7.8,.227,.105,21.9,7.9,.599,SG,J.J. Redick,2198,4.3
0.9,,-0.6,17.1,MIA,3.6,13.7,-1.3,373,0.7,3.6,.014,2.1,1.5,71,26,0.4,8.7,3.9,.309,.168,15.3,22.0,.578,C,Willie Reed,1031,17.8
1.9,,0.2,10.7,MIA,2.2,2.4,-1.0,374,1.1,1.9,.442,0.3,1.9,53,23,0.9,10.6,12.7,.150,.066,16.8,9.2,.493,SG,Josh Richardson,1614,5.8
1.3,,-5.5,9.6,SAC,0.1,1.8,-2.5,375,-3.0,0.5,.412,0.0,0.1,22,21,-0.2,9.5,8.7,.279,.028,19.3,11.5,.517,SG,Malachi Richardson,198,6.7
1.2,,-1.6,11.4,LAC,2.5,1.1,-0.1,376,-1.5,0.4,.409,1.2,1.3,74,24,0.2,12.4,15.0,.261,.059,20.3,7.5,.545,SG,Austin Rivers,2054,4.4
1.9,,0.0,9.6,OKC,4.2,4.6,-2.1,377,2.1,2.7,.397,1.1,3.1,79,25,1.2,9.1,4.6,.240,.085,10.1,14.2,.510,SF,Andre Roberson,2376,9.4
1.1,,-5.9,9.8,CHO,0.2,1.3,-3.3,378,-2.6,0.2,.361,0.0,0.3,41,31,-0.4,15.7,18.7,.320,.028,17.9,9.0,.510,PG,Brian Roberts,416,5.2
1.4,,-1.4,11.5,IND,2.5,4.5,-1.2,379,-0.2,1.2,.370,1.3,1.2,69,23,0.2,9.1,4.7,.225,.085,12.8,14.6,.564,SF,Glenn Robinson,1426,9.6
2.3,,-2.3,17.3,LAL,0.9,15.8,-2.2,380,-0.1,1.3,.005,0.3,0.6,48,25,0.0,17.0,8.8,.337,.079,20.7,28.1,.535,PF,Thomas Robinson,560,21.8
1.5,,-4.0,11.0,PHI,0.7,1.5,-1.6,381,-2.4,0.2,.470,-0.3,1.0,68,30,-0.7,18.9,35.4,.050,.022,19.3,9.9,.484,PG,Sergio Rodriguez,1518,5.7
2.7,,0.3,13.6,CHI,2.3,4.2,-1.3,382,1.6,0.5,.237,-0.3,2.7,69,30,1.1,22.4,37.0,.089,.061,17.8,16.6,.461,PG,Rajon Rondo,1843,10.4
1.1,,-1.9,17.0,NYK,3.0,3.4,0.2,383,-2.2,0.7,.061,2.4,0.6,64,28,0.0,11.9,22.8,.259,.068,25.7,9.3,.530,PG,Derrick Rose,2082,6.4
2.3,,-0.2,13.4,TOT,3.5,1.0,0.4,384,-0.6,1.4,.524,1.5,2.0,78,25,0.9,8.0,7.1,.103,.086,19.3,10.9,.550,SF,Terrence Ross,1955,5.9
1.8,,-2.5,10.8,BOS,1.4,3.6,-2.5,385,0.0,0.7,.436,0.0,1.4,74,22,-0.2,9.7,15.2,.161,.053,17.1,16.3,.466,PG,Terry Rozier,1263,10.0
2.6,,0.8,16.8,MIN,6.1,3.2,1.7,386,-1.0,0.3,.302,4.5,1.7,75,26,1.7,20.1,38.9,.438,.119,17.4,11.4,.539,PG,Ricky Rubio,2469,7.2
1.9,,-4.7,6.3,ORL,0.1,1.7,-2.8,387,-1.9,0.3,.727,-0.1,0.2,45,30,-0.2,9.3,9.2,.000,.008,13.6,7.1,.466,SF,Damjan Rudez,314,4.3
1.1,,-2.1,6.6,MIN,0.4,1.8,-2.0,388,-0.1,1.9,.610,0.1,0.3,47,31,0.0,12.6,5.8,.096,.019,9.6,9.5,.505,SG,Brandon Rush,1030,5.6
2.3,,-0.5,15.3,LAL,1.3,1.8,1.1,389,-1.6,0.7,.443,0.3,1.0,63,20,0.7,15.6,26.8,.217,.034,26.6,11.9,.518,PG,D,1811,6.7
1.2,,-4.9,6.9,OKC,0.7,3.0,-4.7,390,-0.1,1.6,.331,-1.0,1.8,81,20,-1.2,14.0,7.2,.139,.022,15.4,16.4,.469,PF,Domantas Sabonis,1632,9.7
3.8,,-9.6,6.5,CLE,0.0,26.3,-8.7,391,-0.9,6.2,.000,0.0,0.0,5,28,0.0,29.1,0.0,.500,-0.029,23.6,8.2,.410,C,Larry Sanders,13,17.0
1.3,,-2.2,12.8,PHI,1.0,5.8,-2.0,392,-0.2,1.1,.368,-1.2,2.2,81,22,-0.1,15.2,14.3,.237,.023,24.6,20.8,.508,PF,Dario Saric,2129,13.3
1.8,,-3.1,8.5,WAS,0.6,3.9,-2.9,393,-0.2,0.7,.253,0.1,0.5,57,25,-0.2,19.1,16.7,.226,.041,12.1,9.1,.480,SG,Tomas Satoransky,719,6.5
1.5,,-0.7,16.1,ATL,3.7,1.9,0.7,394,-1.4,0.6,.242,1.2,2.5,79,23,0.8,16.3,35.5,.210,.071,27.8,9.0,.533,PG,Dennis Schroder,2485,5.5
1.4,,-1.2,13.9,BRK,0.8,11.9,-0.8,395,-0.4,0.7,.331,0.4,0.4,36,36,0.1,16.9,12.7,.245,.082,18.7,20.0,.550,PF,Luis Scola,461,16.0
1.0,,-5.3,5.9,ATL,-0.1,5.7,-5.3,396,-0.1,1.3,.458,-0.3,0.2,18,28,-0.2,11.3,12.5,.136,-0.014,15.8,15.0,.360,PF,Mike Scott,195,10.4
3.0,,1.2,11.9,ATL,3.3,3.8,-1.9,397,3.1,1.7,.304,0.6,2.7,62,32,1.3,11.9,9.9,.190,.098,13.3,14.7,.519,SF,Thabo Sefolosha,1596,9.3
1.3,,-5.0,6.9,TOT,0.1,0.5,-3.4,398,-1.6,0.4,.483,-0.1,0.2,14,22,-0.2,15.1,8.5,.379,.016,15.3,7.2,.525,SG,Wayne Selden,236,3.8
0.6,,-3.7,14.4,IND,1.0,8.3,-3.1,399,-0.6,3.1,.010,0.4,0.6,49,27,-0.2,12.3,6.7,.111,.082,19.0,20.0,.559,PF,Kevin Seraphin,559,14.3
1.6,,-4.8,12.3,CHO,0.9,1.5,-2.4,400,-2.3,0.3,.236,0.3,0.6,50,30,-0.6,12.7,24.2,.449,.054,20.1,8.5,.495,PG,Ramon Sessions,811,4.9
1.6,,-1.3,9.0,CLE,2.0,2.3,-1.3,401,0.0,1.1,.534,0.7,1.4,76,26,0.3,12.9,7.8,.184,.050,13.9,9.9,.536,SG,Iman Shumpert,1937,6.2
1.5,,-1.1,11.5,TOR,1.6,8.4,-3.0,402,1.8,4.5,.034,0.4,1.2,55,22,0.2,13.1,2.9,.156,.089,13.1,15.9,.523,PF,Pascal Siakam,859,12.2
1.7,,-1.9,9.9,SAS,2.0,1.7,-2.8,403,0.9,1.5,.242,-0.1,2.1,78,27,0.0,13.7,13.2,.314,.068,18.0,11.1,.504,SG,Jonathon Simmons,1392,6.5
0.9,,-5.9,5.9,OKC,0.3,2.3,-4.6,404,-1.3,1.0,.446,0.0,0.3,32,28,-0.4,10.8,3.2,.205,.034,11.2,11.5,.486,SF,Kyle Singler,385,6.9
2.6,,-0.3,12.0,BOS,3.2,3.7,-1.1,405,0.9,1.2,.443,0.5,2.7,79,22,1.0,15.6,22.0,.334,.064,18.8,10.5,.486,SG,Marcus Smart,2399,7.1
1.6,,-0.8,14.7,DET,3.1,1.1,-1.2,406,0.4,1.4,.140,0.9,2.2,81,28,0.6,12.4,32.5,.136,.076,20.5,12.4,.477,PG,Ish Smith,1955,6.6
1.7,,-1.3,8.1,CLE,0.8,1.6,-0.5,407,-0.7,0.7,.761,0.1,0.8,41,31,0.2,6.7,7.3,.042,.034,14.6,8.6,.484,SG,J.R. Smith,1187,5.2
1.0,,-1.3,13.6,WAS,2.3,6.8,-2.0,408,0.6,4.3,.237,1.0,1.3,74,30,0.2,14.2,5.0,.155,.103,16.7,20.4,.598,C,Jason Smith,1068,13.6
1.2,,-0.8,9.7,MIL,3.4,1.1,0.2,409,-1.1,0.5,.656,2.1,1.3,80,25,0.7,8.8,5.9,.107,.071,12.1,11.1,.603,SG,Tony Snell,2336,6.2
0.9,,0.7,17.6,LAC,4.2,7.9,1.5,410,-0.8,2.6,.505,2.5,1.7,82,29,0.9,10.2,8.1,.250,.156,23.6,24.1,.584,C,Marreese Speights,1286,16.2
0.6,,-5.0,15.0,PHI,0.1,11.6,-2.6,411,-2.4,1.0,.194,0.1,0.1,8,32,-0.1,14.3,8.9,.355,.072,23.9,20.3,.544,C,Tiago Splitter,76,15.9
1.0,,-2.4,9.0,PHI,1.4,1.1,-1.7,412,-0.7,1.2,.566,0.1,1.4,80,23,-0.2,15.5,12.9,.237,.031,16.4,10.3,.540,SG,Nik Stauskas,2188,5.7
0.7,,-5.4,9.6,TOT,0.1,1.2,-3.9,413,-1.5,0.7,.167,-0.2,0.2,18,26,-0.3,17.1,24.8,.108,.008,18.7,14.8,.485,SG,Lance Stephenson,361,8.0
7.0,,15.4,31.5,DEN,0.1,15.9,11.8,414,3.6,0.0,.000,0.1,0.0,2,23,0.0,0.0,40.1,2.000,.480,11.4,15.6,.798,C,Jarnell Stokes,7,15.8
0.0,,-24.1,-1.2,LAC,-0.1,4.8,-17.3,415,-6.9,3.4,.000,-0.1,0.0,7,19,-0.1,11.9,0.0,.308,-0.211,31.3,22.7,.339,C,Diamond Stone,24,14.0
1.2,,-6.0,9.5,IND,-0.1,1.0,-3.8,416,-2.2,0.0,.246,-0.5,0.4,39,30,-0.7,15.4,17.7,.439,-0.006,22.2,12.4,.483,PG,Rodney Stuckey,696,6.8
1.7,,-7.8,5.6,TOR,-0.1,9.6,-5.2,417,-2.6,0.7,.375,-0.2,0.1,11,24,-0.2,7.2,3.7,.167,-0.040,21.0,16.3,.359,PF,Jared Sullinger,118,12.9
0.0,,3.9,21.3,TOT,0.1,16.3,-3.8,418,7.7,17.3,.000,0.0,0.1,2,24,0.0,24.0,5.1,.600,.150,13.2,26.7,.633,C,Edy Tavares,28,21.6
0.9,,-6.6,0.3,HOU,0.0,2.1,-6.4,419,-0.1,1.6,.286,-0.1,0.0,4,22,-0.1,0.0,7.1,.286,-0.028,6.4,4.2,.190,PG,Isaiah Taylor,52,3.1
1.9,,1.9,19.2,IND,8.1,1.4,2.4,420,-0.6,1.1,.277,5.7,2.4,82,28,2.6,16.5,36.4,.457,.146,22.1,12.4,.574,PG,Jeff Teague,2657,7.0
0.5,,-4.9,8.8,MIL,0.6,1.1,-1.5,421,-3.4,1.0,.730,-0.1,0.7,70,31,-0.8,7.8,6.4,.108,.025,19.1,15.4,.515,PF,Mirza Teletovic,1133,8.3
2.5,,0.3,11.2,SAC,2.2,2.2,-0.3,422,0.6,1.5,.509,0.9,1.3,65,30,1.0,14.4,14.5,.171,.062,14.2,10.0,.545,SG,Garrett Temple,1728,6.1
1.7,,-1.1,9.0,MIL,2.1,1.3,-0.5,423,-0.6,1.3,.704,1.2,0.9,74,39,0.3,12.3,9.9,.119,.075,9.8,7.7,.600,SG,Jason Terry,1365,4.5
1.4,,5.5,26.5,BOS,12.6,1.9,8.8,424,-3.3,0.4,.439,10.9,1.6,76,27,4.8,10.7,32.6,.441,.235,34.0,7.0,.625,PG,Isaiah Thomas,2569,4.4
1.1,,-3.7,8.4,NYK,0.9,3.6,-2.1,425,-1.6,0.4,.348,0.6,0.4,46,28,-0.4,8.6,5.0,.209,.046,13.1,12.3,.516,PF,Lance Thomas,968,7.9
1.3,,-3.3,7.9,TOT,0.7,2.8,-2.8,426,-0.5,0.6,.475,0.1,0.6,40,25,-0.2,4.9,6.8,.145,.046,13.0,13.4,.482,SG,Hollis Thompson,752,8.0
1.2,,0.3,17.4,GSW,7.1,2.2,2.4,427,-2.1,1.2,.470,4.2,2.9,78,26,1.5,8.0,9.3,.158,.128,26.1,9.2,.592,SG,Klay Thompson,2649,5.9
0.8,,1.5,15.3,CLE,7.3,14.0,0.0,428,1.5,2.9,.007,5.0,2.3,78,25,2.1,10.8,4.6,.487,.150,11.3,19.6,.594,C,Tristan Thompson,2336,16.9
1.6,,-3.2,10.4,WAS,0.5,4.3,-1.6,429,-1.5,0.4,.381,0.1,0.4,33,29,-0.2,10.1,10.1,.129,.042,18.7,10.5,.494,SG,Marcus Thornton,575,7.5
0.0,,-8.9,-0.1,CHO,0.0,8.7,-7.4,430,-1.5,0.0,.000,0.0,0.0,2,22,0.0,20.0,5.4,.000,-0.070,9.0,4.4,.250,C,Mike Tobey,25,6.6
1.1,,-0.6,11.1,SAC,2.3,4.0,0.2,431,-0.8,1.2,.655,1.5,0.8,65,31,0.5,12.6,7.7,.234,.075,13.6,14.5,.595,PF,Anthony Tolliver,1477,9.3
1.0,,-3.8,6.2,TOT,0.1,0.0,-2.8,432,-1.0,1.7,.444,0.0,0.0,4,24,0.0,0.0,0.0,.000,.061,8.5,2.3,.611,SF,Axel Toupane,47,1.1
1.0,,5.0,26.0,MIN,12.7,11.2,4.8,433,0.3,2.9,.186,9.9,2.8,82,21,5.4,11.3,13.2,.289,.201,27.5,27.8,.618,C,Karl-Anthony Towns,3030,19.4
2.5,,0.9,10.5,TOT,3.6,5.6,-0.7,434,1.6,0.7,.407,1.4,2.2,81,31,1.6,11.2,6.0,.193,.078,11.2,17.8,.516,SF,P.J. Tucker,2236,11.6
1.6,,-2.6,11.4,POR,1.2,2.4,-2.5,435,-0.1,1.2,.214,0.0,1.2,65,28,-0.3,14.3,18.4,.187,.035,18.5,14.2,.491,SF,Evan Turner,1658,8.3
1.5,,2.4,18.5,IND,8.0,6.2,-0.3,436,2.7,6.0,.132,4.3,3.7,81,20,2.8,9.5,6.6,.349,.151,19.5,19.5,.585,C,Myles Turner,2541,13.0
1.2,,-2.6,16.1,DET,1.3,1.1,-0.5,437,-2.0,0.0,.162,0.8,0.5,39,34,-0.1,14.9,35.4,.173,.111,19.7,10.3,.535,PG,Beno Udrih,560,5.6
2.0,,-4.0,13.0,PHO,0.7,1.9,-1.4,438,-2.5,0.4,.181,0.3,0.4,61,21,-0.6,14.1,30.5,.162,.029,20.3,7.5,.474,PG,Tyler Ulis,1123,4.6
0.9,,-1.4,13.9,DAL,0.2,7.7,-2.1,439,0.7,3.1,.237,0.1,0.1,9,23,0.0,6.8,12.8,.184,.083,18.1,14.8,.487,PF,Jarrod Uthoff,115,11.1
0.9,,-0.6,20.1,TOR,7.9,12.4,-0.5,440,-0.1,2.6,.003,4.9,3.0,80,24,0.7,11.7,4.4,.309,.183,19.5,29.1,.601,C,Jonas Valanciunas,2066,20.8
1.5,,-2.8,7.3,CHI,0.6,1.2,-2.4,441,-0.4,0.6,.722,-0.5,1.1,57,23,-0.2,14.2,9.3,.063,.031,15.4,15.6,.492,SG,Denzel Valentine,976,8.3
2.8,,-3.2,10.5,TOR,0.2,1.5,-3.2,442,0.0,0.9,.261,-0.1,0.4,37,22,-0.1,11.1,17.5,.198,.040,20.6,14.6,.443,PG,Fred VanVleet,294,8.1
1.6,,-0.6,9.4,GSW,0.2,15.3,-3.2,443,2.5,2.6,.000,0.0,0.1,14,34,0.0,29.8,13.0,.786,.097,12.6,16.8,.478,C,Anderson Varejao,92,16.1
1.2,,-7.5,4.1,BRK,0.0,0.0,-5.7,444,-1.8,1.9,.375,0.0,0.0,3,30,-0.1,9.7,17.5,.375,-0.006,11.3,5.4,.376,PG,Greivis Vasquez,39,2.7
2.1,,-4.9,7.8,MIL,0.0,1.0,-3.7,445,-1.2,1.9,.519,-0.5,0.4,41,20,-0.3,8.1,7.4,.032,-0.005,17.2,11.3,.449,SG,Rashad Vaughn,458,6.2
1.2,,-3.9,10.8,POR,1.8,11.4,-3.5,446,-0.3,1.7,.074,0.6,1.2,74,21,-0.6,17.1,3.4,.348,.069,13.1,22.5,.525,PF,Noah Vonleh,1265,17.0
1.8,,1.1,19.1,ORL,4.0,8.6,-1.3,447,2.4,2.8,.073,0.8,3.2,75,26,1.7,9.6,16.9,.155,.088,24.8,31.2,.498,C,Nikola Vucevic,2163,19.6
1.6,,-4.3,8.6,NYK,0.1,3.2,-2.1,448,-2.2,0.4,.544,-0.1,0.2,42,32,-0.2,9.8,17.9,.176,.014,17.3,12.4,.423,SG,Sasha Vujacic,408,7.8
2.4,,1.0,18.5,CHI,3.4,3.8,0.4,449,0.6,1.8,.152,0.9,2.5,60,35,1.4,11.3,22.4,.294,.090,29.6,12.6,.508,SG,Dwyane Wade,1792,8.2
1.5,,-0.8,14.5,MIA,1.6,1.4,0.0,450,-0.8,1.1,.324,0.2,1.5,46,25,0.4,12.5,23.8,.192,.057,26.3,11.0,.507,SG,Dion Waiters,1384,6.2
1.6,,3.6,21.3,CHO,8.1,1.8,5.3,451,-1.7,0.7,.415,5.9,2.2,79,26,3.9,9.5,29.1,.248,.142,29.2,10.6,.569,PG,Kemba Walker,2739,6.2
2.7,,4.0,23.2,WAS,8.8,2.3,3.8,452,0.2,1.4,.190,5.7,3.0,78,26,4.3,16.2,46.9,.367,.148,30.6,10.6,.541,PG,John Wall,2836,6.5
2.2,,-2.3,9.8,ATL,1.1,2.8,-3.8,453,1.5,2.4,.358,-0.4,1.5,59,22,-0.1,15.7,8.4,.330,.054,17.2,14.6,.513,SF,Taurean Waller-Prince,981,8.8
1.8,,-0.3,15.6,PHO,4.1,6.5,0.2,454,-0.5,1.5,.120,3.0,1.1,66,23,0.9,6.1,5.8,.189,.096,19.2,11.7,.539,SF,T.J. Warren,2048,9.0
2.1,,-3.6,9.3,ORL,0.9,1.7,-2.5,455,-1.1,0.2,.423,0.2,0.6,62,32,-0.4,14.5,16.1,.266,.041,14.1,8.1,.507,PG,C.J. Watson,1012,4.8
2.9,,-3.2,11.0,TOT,0.3,4.3,-3.2,456,0.0,0.4,.167,0.0,0.2,20,24,-0.1,10.7,15.0,.267,.059,16.3,9.6,.462,PG,Briante Weber,205,7.0
2.4,,2.2,16.6,GSW,2.6,6.4,-1.7,457,3.9,4.4,.032,0.9,1.7,68,36,0.9,22.0,24.1,.222,.148,17.9,18.8,.571,C,David West,854,13.0
2.3,,15.6,30.6,OKC,13.1,5.4,10.9,458,4.7,0.9,.300,8.5,4.6,81,28,12.4,15.9,57.3,.433,.224,41.7,28.8,.554,PG,Russell Westbrook,2802,17.1
1.1,,-2.1,7.5,MIA,0.6,5.8,-3.1,459,0.9,1.7,.391,0.1,0.5,35,24,0.0,15.7,6.0,.253,.066,10.8,13.5,.507,PF,Okaro White,471,9.6
1.2,,-4.9,7.5,BRK,-0.8,2.1,-4.3,460,-0.6,1.7,.293,-1.7,0.9,73,21,-1.2,20.3,17.7,.222,-0.023,18.2,9.7,.487,PG,Isaiah Whitehead,1643,5.9
1.1,,-0.5,22.6,MIA,9.5,12.8,-2.0,461,1.5,5.0,.000,4.2,5.3,77,27,0.9,12.0,3.8,.368,.181,22.7,35.3,.579,C,Hassan Whiteside,2513,24.0
1.4,,-2.7,16.5,MIN,4.2,3.9,0.2,462,-2.9,0.8,.184,3.3,0.9,82,21,-0.6,9.4,10.6,.345,.066,29.0,8.8,.534,SF,Andrew Wiggins,3048,6.3
0.9,,-8.7,2.9,ORL,-0.2,3.9,-6.5,463,-2.2,0.7,.484,-0.2,0.0,22,26,-0.2,15.8,15.5,.065,-0.090,15.4,8.3,.329,SG,C.J. Wilcox,108,6.0
1.8,,-1.7,19.5,PHO,2.1,14.0,-1.8,464,0.2,3.7,.004,1.1,0.9,47,24,0.1,10.5,5.2,.419,.142,20.9,31.2,.547,C,Alan Williams,708,22.4
1.0,,-2.3,14.0,TOT,2.4,0.9,0.2,465,-2.4,0.4,.390,1.5,0.9,64,32,-0.1,17.6,35.9,.182,.069,22.1,9.4,.541,PG,Deron Williams,1657,5.1
0.9,,-4.2,10.6,TOT,1.1,2.6,-2.4,466,-1.8,0.7,.398,0.4,0.6,50,25,-0.4,9.0,5.1,.365,.064,17.2,15.1,.537,PF,Derrick Williams,804,8.9
1.9,,0.8,21.4,TOT,6.1,1.4,3.7,467,-3.0,0.8,.447,5.1,1.0,81,30,1.4,11.8,19.9,.458,.147,29.1,9.9,.593,SG,Lou Williams,1994,5.5
1.3,,0.2,13.7,CHO,5.0,4.2,-0.3,468,0.5,2.0,.503,2.4,2.6,76,30,1.3,7.2,7.1,.213,.105,16.3,19.7,.551,PF,Marvin Williams,2295,11.9
1.9,,-2.4,11.7,NOP,0.2,2.7,-0.8,469,-1.6,0.0,.478,0.1,0.1,6,30,0.0,0.0,7.2,.304,.098,14.6,5.4,.518,SF,Reggie Williams,79,4.0
2.5,,-2.7,9.0,TOT,0.4,3.0,-3.3,470,0.7,1.7,.371,-0.3,0.7,30,22,-0.1,15.0,7.0,.192,.032,17.1,11.2,.511,SF,Troy Williams,557,7.0
3.3,,-4.0,6.7,HOU,0.0,9.9,-4.0,471,0.0,1.8,.929,-0.1,0.1,14,24,0.0,25.2,6.1,.143,-0.039,19.1,14.9,.437,PF,Kyle Wiltjer,44,12.4
2.2,,-2.7,8.2,MIA,-0.1,4.0,-4.0,472,1.3,0.8,.156,-0.9,0.8,18,20,-0.1,11.8,15.5,.209,-0.008,19.8,12.7,.399,SF,Justise Winslow,625,8.3
1.9,,1.5,18.8,UTA,1.8,14.3,-1.2,473,2.7,6.0,.010,1.0,0.9,51,26,0.4,10.1,2.5,.466,.205,14.9,17.9,.588,C,Jeff Withey,432,16.2
1.4,,-2.0,15.1,CHO,0.3,14.3,-2.5,474,0.6,4.9,.217,0.1,0.1,13,21,0.0,19.1,2.8,.652,.125,15.4,15.5,.591,PF,Christian Wood,107,14.9
2.7,,-6.6,6.2,LAL,-0.2,3.3,-4.2,475,-2.4,1.0,.559,-0.3,0.1,25,37,-0.2,8.5,9.8,.235,-0.065,21.9,10.6,.380,SF,Metta World Peace,160,6.8
1.3,,1.3,18.5,MEM,1.6,7.7,0.0,476,1.3,4.3,.007,1.1,0.5,28,29,0.4,6.2,6.0,.259,.177,16.3,12.4,.628,PF,Brandan Wright,447,10.0
3.1,,1.1,15.0,TOR,1.1,4.1,-0.1,477,1.2,2.1,.259,0.5,0.6,27,24,0.3,15.1,18.2,.474,.117,16.6,8.1,.535,PG,Delon Wright,446,6.1
2.3,,-3.1,10.0,BOS,0.3,3.1,-2.0,478,-1.1,0.7,.603,0.1,0.2,29,21,-0.1,6.1,2.6,.155,.076,13.3,10.0,.549,SG,James Young,220,6.6
1.5,,-7.3,11.4,IND,-0.1,0.8,-3.5,479,-3.8,0.0,.319,-0.2,0.1,33,24,-0.2,6.0,18.0,.208,-0.022,27.8,13.1,.433,PG,Joe Young,135,7.1
1.2,,-0.7,14.1,LAL,3.2,1.7,2.6,480,-3.4,0.7,.665,3.0,0.2,60,31,0.5,5.1,5.8,.142,.098,19.5,8.2,.588,SG,Nick Young,1556,4.8
2.6,,1.5,14.9,IND,4.6,6.7,0.0,481,1.5,1.2,.172,1.9,2.7,74,28,2.0,11.7,8.4,.125,.099,16.5,15.8,.562,PF,Thaddeus Young,2237,11.3
1.8,,2.1,16.7,CHO,5.6,8.6,-0.2,482,2.3,3.0,.002,3.4,2.2,62,24,1.8,10.9,9.1,.442,.157,15.5,17.3,.604,PF,Cody Zeller,1725,12.9
0.7,,-2.5,13.0,BOS,1.0,9.2,-3.2,483,0.8,3.3,.006,0.5,0.6,51,27,-0.1,10.2,12.2,.247,.094,16.5,17.0,.508,C,Tyler Zeller,525,13.2
0.9,,-7.3,7.3,ORL,0.0,10.8,-7.8,484,0.4,3.7,.000,-0.1,0.1,19,20,-0.1,8.3,5.3,.161,-0.005,14.8,24.9,.346,C,Stephen Zimmerman,108,17.6
0.9,,-3.7,6.9,CHI,0.5,1.9,-3.6,485,-0.1,1.5,.448,-0.3,0.8,44,22,-0.4,14.4,6.1,.181,.030,14.4,14.2,.503,SF,Paul Zipser,843,8.0
1.1,,-2.5,17.0,LAL,1.1,7.1,-2.7,486,0.3,4.4,.013,0.6,0.5,38,19,-0.1,10.4,8.1,.206,.086,20.3,21.9,.547,C,Ivica Zubac,609,14.3
